ASIN / Brand,Input Field,Input Value,Attribute Type,Attribute Value
B0BQPGJ9LQ,title,"JBL Vibe Beam - True Wireless JBL Deep Bass Sound Earbuds, Bluetooth 5.2, Water & Dust Resistant, Ha",use_cases,Daily entertainment
https://www.amazon.com/dp/B0BQPGJ9LQ,category_root,Electronics,use_cases,Making hands-free stereo calls on the go
JBL,category_sub,Earbud Headphones,use_cases,Listening to music
,product_type,HEADPHONES,use_cases,All-day audio
,description,"""Bring your sound everywhere. With bass you can feel, up to 32 total hours of battery life, and a secure, comfortable stick-closed design, the splash and dust resistant JBL Vibe Beam are designed for your daily entertainment.",variants,White
,bullet_points,"JBL Deep Bass Sound: Get the most from your mixes with high-quality audio from secure, reliable earbuds with 8mm drivers featuring JBL Deep Bass Sound
Comfortable fit: The ergonomic, stick-closed design of the JBL Vibe Beam fits so comfortably you may forget you're wearing them. The closed design excludes external sounds, enhancing the bass performance
Up to 32 (8h + 24h) hours of battery life and speed charging: With 8 hours of battery life in the earbuds and 24 in the case, the JBL Vibe Beam provide all-day audio. When you need more power, you can speed charge an extra two hours in just 10 minutes.
Hands-free calls with VoiceAware: When you're making hands-free stereo calls on the go, VoiceAware lets you balance how much of your own voice you hear while talking with others
Water and dust resistant: From the beach to the bike trail, the IP54-certified earbuds and IPX2 charging case are water and dust resistant for all-day experiences",variants,Small
,color,White,variants,Plastic
,size,Small,variants,Earbuds
,material,Plastic,variants,JBL Deep Bass Sound
,style,Earbuds,variants,Bluetooth 5.2
,model,JBLVBEAMWHTAM,variants,Water Resistant
,number_of_items,1,variants,Dust Resistant
,included_components,"1 x JBL Vibe Beam earbuds, 1 x Charging case, 1 x Type-C to Type-A charging cable, 1 x 3 sizes of ea",variants,Hands-free call with VoiceAware
,specific_uses,Music,variants,Up to 32 hours of battery life
,,,variants,8mm drivers
,,,variants,IP54-certified earbuds
,,,variants,IPX2 charging case
,,,variants,Secure fit
,,,variants,Comfortable fit
---,,,,
B0BZYCJK89,title,"Owala FreeSip Insulated Stainless Steel Water Bottle with Straw, BPA-Free Sports Water Bottle, Great",use_cases,General Hydration
https://www.amazon.com/dp/B0BZYCJK89,category_root,Home & Kitchen,use_cases,Sports
Owala,category_sub,"Thermoses, Travel & To-Go Drinkware",use_cases,Travel
,product_type,BOTTLE,variants,BPA-Free
,description,"The Owala FreeSip Insulated Stainless-Steel Water Bottle with Locking Push-Button Lid easily tackles every thirst. With a built-in, easy-clean straw and a wide-mouth opening, the FreeSip reusable bottle is designed for drinking two different ways: sipping upright through the straw or tilting back to swig from the wide-mouth spout opening. Add in a push-to-open lid and playful colors, and staying hydrated has never been simpler‚Äîor more fun. Additional features include double-wall insulated stainless steel that keeps drinks cold up to 24 hours, a carry loop that doubles as a lock, a cup holder-friendly base, and a wide opening for easy cleaning and adding ice. The Owala FreeSip Insulated Stainless-Steel Water Bottle with Locking Push-Button Lid is available in three sizes: 24-Ounce, 32-Ounce, and 40-Ounce. Lid is dishwasher safe; hand wash cup. Not for use with hot liquids. Manufacturer‚Äôs limited lifetime warranty.",variants,24 Ounce
,bullet_points,"24-ounce insulated stainless-steel water bottle with a FreeSip spout and push-button lid with lock
Patented FreeSip spout designed for either sipping upright through the built-in straw or tilting back to swig from the spout opening
Protective push-to-open lid keeps spout clean; convenient carry loop doubles as a lock
Double-wall insulation keeps drinks cold for up to 24 hours; wide opening for cleaning and adding ice; cup holder-friendly base
BPA, lead, and phthalate-free; hand wash cup, dishwasher-safe lid; not for use with hot liquids",variants,Wide Opening
,color,Denim,variants,Stainless Steel
,size,24 Ounces,variants,Dishwasher-Safe Lid
,material,Stainless Steel,variants,FreeSip Spout
,style,Water Bottle,variants,Denim
,model,C06060,variants,Carry Loop with Lock
,number_of_items,1,variants,Double-Wall Insulation
,included_components,Water Bottle,variants,Push-Button Lid with Lock
,,,variants,Cup Holder-Friendly Base
,,,variants,Hand Wash Cup
---,,,,
B0CJ4WZXQF,title,"Cisily Kitchen Sink Caddy Organzier with High Brush Holder, Sponge Holder for Sink, 304 Rustproof St",use_cases,Kitchen
https://www.amazon.com/dp/B0CJ4WZXQF,category_root,Home & Kitchen,use_cases,Kitchen storage and organizer
Cisily,category_sub,Kitchen Storage & Organization Accessories,use_cases,Countertop
,product_type,CADDY,use_cases,Bathrooms
,bullet_points,"304 Stainless Steel
Quality Control 100%
„ÄêAUTOMATIC DRAINAGE SYSTEM„ÄëCisily adopts slope design to achieve perfect drainage effect, aiming at reducing the frequency and time of cleaning the sponge holder, freeing your hands, reducing the burden on your kitchen work, and improving your happiness index.
„ÄêPREMIUM STURDY MATERIAL„Äë Cisily kitchen sink organizer is made of premium stainless steel which can effectively prevent rust and deformation. And you can clean it easily by rinsing it under a running tap. Take the clutter out of your countertops.
„ÄêREASONABLE DIVIDER DESIGN„Äë The sponge holder for kitchen sink ergonomic divider design allows it to have 3 separate storage spaces, Different items are placed in different areas. Make the most of every inch of space and make your kitchen look cleaner.
„ÄêSATISFACTION GUARANTEED„ÄëThe CISILY kitchen sink organizer is ready to use upon receipt, no installation required and is widely used on counters or bathrooms, making it a satisfying gift. If you have any questions during use, please consult our customer service staff. We want to provide you with a pleasant shopping experience.
US Patent Number:Ôºö1038566S",use_cases,Kitchen Decor
,color,Black,use_cases,Save space
,size,9.25‚Ä≥,variants,304 Stainless Steel
,material,Stainless Steel,variants,Automatic Drainage System
,style,English,variants,Premium Sturdy Material
,model,XM-CA-BLACK,variants,Ergonomic Divider Design
,number_of_items,1,variants,High Brush Holder
,included_components,32 DE,variants,Sponge Holder
,specific_uses,"Save space,Kitchen storage and organizer",variants,Kitchen Countertop Soap Dispenser Organizer
,,,variants,9.25‚Ä≥
---,,,,
B0D6YNWLTS,title,Pioneer Camp Mens Lightweight Packable Puffer Jacket Winter Insulated Puffy Coat Water Repellent War,audiences,Men
https://www.amazon.com/dp/B0D6YNWLTS,category_root,"Clothing, Shoes & Jewelry",use_cases,Travelling
Pioneer Camp,category_sub,Down & Down Alternative,use_cases,Camping
,product_type,COAT,use_cases,Hiking
,bullet_points,"WINDPROOF & WARM The stand collar lightweight puffer jacket is made with windproof, soft nylon fabric to block out cold air and keep you warm. The new winter jacket features elastic cuffs and an adjustable hem, effectively preventing wind from entering and ensuring fit, protecting you in cold weather. The front center zipper has dual side zipper chin guard, providing close-fitting comfort
WATER-RESISTANT & BREATHABLE The outer layer uses DWR technology with a waterproof rating of 3000mm. The interior is filled with polyester fiber eco-friendly down alternative material, offering enhanced warmth and breathability. This men's down alternative jacket keeps your core comfortable and dry in light rain, helping you stay warm and fight against harsh rainy or misty weather
LIGHTWEIGHT & PACKABLE DESIGN Ultra-lightweight, weightless experience, weighing only 300g.The men's stand-up collar puffer jacket can be quickly stored and placed in a waterproof storage bag. The storage bag has a drawstring and drawcord, allowing you to attach the jacket to your backpack. Our men's foldable, lightweight insulated puffer coat is ideal for casual wear and outdoor. The lightweight packable design takes up minimal space in your luggage and backpack, making travel stress-free
4 POCKETS The men's puffy quilted jacket includes 2 external zippered hand warmer pockets and 2 large internal pockets, perfect for storing money, keys, phone, wallet, passport, and other items, providing great privacy and convenience
OCCASION Suitable for travelling, camping, hiking, skiing, snowboarding, golf and many other outdoor activities, also good choice for casual life such as work, party, men's outerwear jackets & coats for spring fall winter. Best gifts for son, father, husband, friends,father's day gifts, birthday present, a dad gifts, Christmas gift idea etc",use_cases,Skiing
,color,Black,use_cases,Snowboarding
,size,Medium,use_cases,Golf
,material,Nylon,use_cases,Outdoor Activities
,style,Modern,use_cases,Casual Life
,,,use_cases,Work
,,,use_cases,Party
,,,use_cases,Men's outerwear jackets & coats for spring fall winter
,,,variants,Windproof
,,,variants,Warm
,,,variants,Stand Collar
,,,variants,Lightweight
,,,variants,Puffer Jacket
,,,variants,Soft Nylon Fabric
,,,variants,Elastic Cuffs
,,,variants,Adjustable Hem
,,,variants,Dual Side Zipper Chin Guard
,,,variants,Water-Resistant
,,,variants,Breathable
,,,variants,DWR Technology
,,,variants,Waterproof Rating of 3000mm
,,,variants,Polyester Fiber Eco-Friendly Down Alternative Material
,,,variants,Ultra-Lightweight
,,,variants,Weightless Experience
,,,variants,Weighing only 300g
,,,variants,Foldable
,,,variants,Packable
,,,variants,Insulated
,,,variants,2 External Zippered Hand Warmer Pockets
,,,variants,2 Large Internal Pockets
,,,variants,Black
,,,variants,Medium
,,,variants,Nylon
,,,variants,Quilted
---,,,,
B0DSHWLXG6,title,"Jikasho Vacuum Magnetic Suction Phone Holder, Foldable and Retractable Hands-Free Suction Cup Phone ",use_cases,Car phone holder
https://www.amazon.com/dp/B0DSHWLXG6,category_root,Cell Phones & Accessories,use_cases,Gym phone holder
Jikasho,category_sub,Cradles,use_cases,Mirror phone holder
,product_type,PORTABLE_ELECTRONIC_DEVICE_MOUNT,use_cases,Hands-free phone use
,bullet_points,"Vacuum Lock + Gel Base ‚Äî For Smooth, Flat Surfaces: Features a rotary vacuum-lock and 4-layer washable gel base that forms a rock-solid hold on flat, non-textured surfaces such as glass, glossy dashboards, or hard leather. Avoid use on curved, soft, or textured materials. To install, firmly press the gel base and rotate the vacuum lock clockwise until tight
Washable Gel Base ‚Äî Restores Grip After Rinsing: The reusable nano-gel base maintains strong adhesion when clean. If suction weakens due to dust or dirt, simply rinse the gel with water and let it air dry‚Äîthis restores up to 99% of its original stickiness, and built to withstand -40¬∞F to 194¬∞F
360¬∞ Customizable Viewing Angle: Achieve full viewing flexibility with triple-axis adjustment‚Äî360¬∞ swivel, 180¬∞ tilt, and foldable arm positioning. Effortlessly switch between portrait and landscape modes. Built-in zinc alloy hinges rated for 7,000+ adjustments
Unmatched Magnetic Grip for Safe Driving: Upgraded with 24 N52 magnets in a dual-ring layout for ultra-strong, stable hold‚Äîeven on bumpy roads. No signal interference. Designed for MagSafe iPhones and cases; includes magnetic rings for wider phone compatibility
Wide Device Compatibility & Instant Setup: Supports iPhone 12‚Äì17 and other smartphones with the included magnetic ring. Mounts firmly to dashboards, mirrors, windows, or smooth tile‚Äîideal for your car, home, or studio. Setup takes seconds. Do not use on armor, silicone, leather, suede, or uneven phone cases, as the magnetic ring may not adhere securely",use_cases,Safe driving
,color,Black,use_cases,Dashboard phone mount
,size,Compact,use_cases,Windshield phone mount
,material,"Metallic Finish, TPU High-Temperature Resistant Materials, Polycarbonate, Acrylonitrile Butadiene St",use_cases,Smooth surface phone mount
,style,Car Phone Holder,use_cases,Home phone mount
,model,magnetic car phone holder,use_cases,Studio phone mount
,number_of_items,1,variants,Black
,included_components,"Magnetic Suction Phone Mount, Cleaning Pack, Metal Ring, User Manual",variants,Foldable
,,,variants,Retractable
,,,variants,Hands-Free
,,,variants,Vacuum Lock
,,,variants,Washable Gel Base
,,,variants,360¬∞ Swivel
,,,variants,180¬∞ Tilt
,,,variants,Foldable Arm Positioning
,,,variants,24 N52 Magnets
,,,variants,Dual-Ring Layout
,,,variants,Compatible with MagSafe iPhones and Cases
,,,variants,Compatible with iPhone 12‚Äì17
,,,variants,Compatible with Android Smartphones
,,,variants,Compatible with All Smartphones
,,,variants,Compact
,,,variants,Metallic Finish
,,,variants,TPU High-Temperature Resistant Materials
,,,variants,Polycarbonate
,,,variants,Acrylonitrile Butadiene Styrene
,,,variants,Magnetic Suction Phone Mount
---,,,,
B0CVQJY9C6,title,ENFit¬Æ Syringe - 20ml - QTY 10,use_cases,ENFit Syringe
https://www.amazon.com/dp/B0CVQJY9C6,category_root,Industrial & Scientific,variants,ENFit
Rx Crush,category_sub,Syringes,variants,20ml
,product_type,SYRINGE,variants,QTY 10 pack
,description,ENFit Syringe,variants,Standard ENFit Tip
,bullet_points,"ENFit
Standard ENFit Tip
Clear Barrel",variants,Clear Barrel
,color,Purple,,
,material,Plastic,,
,style,20ml,,
---,,,,
B0F42MT8JX,title,"Countertop Ice Maker Machine, 8 Ice Cubes in 6 mins, 26lb/Day Ice with 2 Sizes- Portable Mini, Energ",audiences,Homeowners
https://www.amazon.com/dp/B0F42MT8JX,category_root,Appliances,audiences,Party hosts
Antarctic Star,category_sub,Ice Makers,audiences,Travelers
,product_type,ICE_MAKER,audiences,Campers
,bullet_points,"Eco-Conscious Performance‚Äå:The ice maker uses an optimized motor and streamlined construction to cut energy consumption by 30%. Lower carbon footprint + save on energy bills ‚Äì sustainability meets smart spending.
Turbo Ice Machine:Chill drinks in just 6 minutes ‚Äì 26lbs of ice a day capacity crushes summer heat anxiety. Keep the drinks flowing at pool parties, BBQs, or sudden guest arrivals.
Self-Cleaning Care‚Äå:One-touch maintenance cycle keeps ice tasting fresh. No more funky ice odors! Simply activate weekly (or after 2-week inactivity) for crystal-clear ice you can trust.
Road Trip-Ready Compactness‚Äå:Fits anywhere with 8.66""x10.39""x11.22"" footprint ‚Äì Throw a countertop ice maker in your RV, tailgate setup, or beach cabana. Your ultimate hydration sidekick for adventures.
Library-Quiet Operation‚Äå:Whisper-quiet tech at <40dB ‚Äì Talk, work, or binge undisturbed. Our acoustic engineers obsess over every decibel. So is our ice machine.",audiences,Bar owners
,color,Dark Black,use_cases,Home ice making
,size,26Lbs/24H,use_cases,Party ice making
,material,Plastic,use_cases,Travel ice making
,model,58012RIMO-NJ3-BLACK,use_cases,Camping ice making
,number_of_items,1,use_cases,Bar ice making
,included_components,"ice maker, basket, scoop, handle",use_cases,Pool parties
,,,use_cases,BBQs
,,,use_cases,Guest arrivals
,,,variants,8 ice cubes in 6 minutes
,,,variants,26lb/Day Ice
,,,variants,Portable Mini
,,,variants,Energy Saving
,,,variants,Dark Black
,,,variants,Two Sizes
,,,variants,26lbs of ice a day capacity
,,,variants,Whisper-quiet tech at <40dB
---,,,,
B000H3I2JG,title,"Revlon ColorStay Pencil Waterproof Eyeliner, Smudge-Proof, Eye Makeup with Built-In Sharpener, Stock",audiences,Women
https://www.amazon.com/dp/B000H3I2JG,category_root,Beauty & Personal Care,use_cases,All day eye makeup wear
REVLON,category_sub,Eyeliner,use_cases,Creating intensely defined lines
,product_type,EYELID_COLOR,use_cases,Subtle to dramatic eye looks
,description,"Product Description

America‚Äôs #1 Longwear Eyeliner.* Revlon ColorStay Eyeliner Pencil delivers rich, lasting color that looks freshly applied all day long, and glides on smoothly in totally wearable, everyday shades. Whether you want to go subtle or dramatic, this eyeliner pencil creates the look you want and stays on strong. Formulated with ColorStay Adapti-Flex Color Lock Technology‚Ñ¢. Waterproof, smudge-proof, fade-proof, and transfer-proof. Up to 24HR wear. Plus, it has a built-in sharpener and smudger. *Revlon Consumer Products Corporation‚Äôs calculation based in part on data reported by Circana, LLC, through its OmniMarket Service of Total US Multi-Outlet for Makeup Category, Eyeliner Subcategory for the 52-week period ending 11-24-2024 using Revlon‚Äôs custom definitions.

Brand Story

By Revlon",use_cases,Use on waterline
,bullet_points,"LASTING LINES: Rich color looks freshly applied all day long; transfer-proof, waterproof, smudge-proof and fade-proof
UP TO 24HR WEAR: Creates the look you want and stays on strong
EASY APPLICATION: Glides on, creating intensely defined lines that can go from subtle to dramatic. Includes built-in sharpener for the perfect pointed tip and a smudger to blend.
TWO FINISHES: Available in 12 totally wearable matte and shimmer shades
OPHTHALMOLOGIST TESTED: Suitable for use on waterline and comfortable to wear",variants,Revlon ColorStay
,color,Black Brown,variants,Waterproof
,size,0.01 Ounce (Pack of 1),variants,Smudge-Proof
,model,309973978010,variants,Built-In Sharpener
,number_of_items,1,variants,202 Black Brown
,target_audience,women,variants,0.01 oz
,,,variants,Transfer-proof
,,,variants,Fade-proof
,,,variants,Up to 24HR Wear
,,,variants,Adapti-Flex Color Lock Technology
,,,variants,12 totally wearable matte and shimmer shades
---,,,,
B08J8GZXKZ,title,"KITCHENAID Ribbed Soft Silicone Oven Mitt 2-Pack Set, 7.5""x13"", Milkshake",use_cases,Cooking and handling hot pans and dishes
https://www.amazon.com/dp/B08J8GZXKZ,category_root,Home & Kitchen,use_cases,Additional protection from hot spills and spots
KitchenAid,category_sub,Oven Mitts,use_cases,Secure grip while handling hot objects
,product_type,POT_HOLDER,use_cases,Additional shield from the heat
,description,"Perform your kitchen tasks safely with the Kitchen Aid Ribbed Soft Silicone 2-Piece Oven Mitt Set. The textured, ribb stripe design offers a secure grip while handling hot objects. Made of durable and waterproof silicone with a cotton cuff that provides additional shield from the heat and polyester lining that offers comfort and insulation. Each oven mitt measures 7 inches by 13 inches for a generous fit. They are heat resistant up to 500 degrees Fahrenheit. Coordinate these oven mitts with coordinating Kitchen Aid Ribbed Soft Silicone Pot Holders for a complete set.",use_cases,Comfort and insulation
,bullet_points,"DURABLE, HEAT RESISTANT SILICONE - The Kitchen Aid Ribbed Soft Silicone mitts are heat resistant up to 500 degrees Fahrenheit to safely shield hands from the heat while cooking and handling hot pans and dishes.
WATERPROOF & SLIP-RESISTANT - These silicone mitts are water resistant for additional protection from hot spills and spots with a textured, ribbed stripe design for a safe and secure grip.
SET OF TWO- Includes two (2) generously sized oven mitts that each measures 7"" wide x 13"" long for a comfortable fit.
ADDITIONAL PROTECTION & COMFORT - The 100% cotton cuff provides additional protection from the heat with polyester lining that offers comfort and insulation.
EASY CARE - These Kitchen Aid oven mitts can be easily cleaned. Simply rinse off with water and wipe them clean.",use_cases,Kitchen tasks
,color,Milkshake,variants,Milkshake
,size,"7.5""x13""",variants,"7.5""x13"""
,material,silicone,variants,Silicone
,style,Oven Mitt Set,variants,Oven Mitt Set
,model,O2013117TDKA 205,variants,Heat resistant up to 500 degrees Fahrenheit
,number_of_items,1,variants,Water resistant
,,,variants,Ribbed stripe design
,,,variants,7 inches by 13 inches
,,,variants,100% cotton cuff
,,,variants,Polyester lining
---,,,,
B09LCKZBTW,title,"Webacoo Bamboo Tray with Handles - Lightweight Serving Tray for Breakfast in Bed, Coffee Table, BBQ,",audiences,friends
https://www.amazon.com/dp/B09LCKZBTW,category_root,Home & Kitchen,audiences,family
WEBACOO,category_sub,Serving Trays,use_cases,Serving breakfast in bed
,product_type,TRAY,use_cases,Organizing snacks on a coffee table
,bullet_points,"üåø Serve with Webacoo Style: Elevate your dining experience! Whether serving breakfast in bed, organizing snacks on a coffee table, hosting a BBQ party, or displaying decor on your ottoman, this bamboo tray combines practicality with rustic charm. Its versatile design fits seamlessly into kitchens, living rooms, patios, and even commercial settings.
üåø Premium Eco-Friendly Bamboo Construction: Crafted from 100% natural, heat-treated bamboo, Webacoo‚Äôs serving tray is stronger and more durable than plastic alternatives. Sanded smooth and coated with food-safe oil, it resists stains, splinters, and wear‚Äîideal for daily use and heavy-duty occasions.
üåø Ergonomic Handles & Lightweight Design: Sleek, low-profile handles ensure a secure grip, even when fully loaded. At just 15.3‚Äù x 9.8‚Äù, this lightweight yet sturdy tray effortlessly carries meals, drinks, or decor from room to room. Raised edges prevent spills, keeping items firmly in place.
üåø Multipurpose for Home & Beyond: Use it as a breakfast platter, snack organizer, coffee table centerpiece, or decorative storage for keys and remotes. Its minimalist bohemian style also makes it perfect for candle displays, plant holders, or wall art.
üåø Easy-Clean & Gift-Ready: Simply wipe with a damp cloth for instant maintenance. With its timeless design and eco-conscious appeal, this bamboo tray is an ideal gift for weddings, housewarmings, birthdays, or Christmas‚Äîsure to delight friends, family, or even yourself!
üåø Why Choose Us? Durable, lightweight, and endlessly versatile, this bamboo serving tray is designed to last. Upgrade your home or commercial space with a piece that blends functionality, sustainability, and modern elegance.",use_cases,Hosting a BBQ party
,color,Bamboo,use_cases,Displaying decor on an ottoman
,size,"15.3"" x 11.2"" x 1""",use_cases,Serving in kitchens
,material,Bamboo,use_cases,Serving in living rooms
,style,Classic,use_cases,Serving on patios
,model,TS000,use_cases,Serving in commercial settings
,number_of_items,1,use_cases,Breakfast platter
,,,use_cases,Snack organizer
,,,use_cases,Coffee table centerpiece
,,,use_cases,Decorative storage for keys and remotes
,,,use_cases,Candle displays
,,,use_cases,Plant holders
,,,use_cases,Wall art
,,,use_cases,Gifting for weddings
,,,use_cases,Gifting for housewarmings
,,,use_cases,Gifting for birthdays
,,,use_cases,Gifting for Christmas
,,,variants,Bamboo
,,,variants,15‚Äùx10‚Äù
,,,variants,Large Size
,,,variants,Lightweight
,,,variants,15.3‚Äù x 9.8‚Äù
,,,variants,Wood
,,,variants,15‚Äùx10‚Äù
---,,,,
B077YYP739,title,"Transformers Toys Heroic Optimus Prime Action Figure - Timeless Large-Scale Figure, Changes into Toy",audiences,boys
https://www.amazon.com/dp/B077YYP739,category_root,Toys & Games,audiences,Kids
Transformers,category_sub,"Action Figures, Collectible Toys",use_cases,Imagining Autobot vs. Decepticon battles
,product_type,TOY_FIGURE,use_cases,Starting a Transformers toy collection
,description,"Bring home the excitement of Transformers robots with this Cyber Commander series Optimus Prime figure! The Transformers are sentient robots from the distant planet, Cybertron. Two factions, the heroic Autobots and the evil Decepticons are in an ever-raging battle. The legendary Autobot leader, Optimus Prime, fights to defend all life, while his nemesis, the merciless Decepticon leader, Megatron, fights to destroy it. This timeless 11-inch scale Transformers Optimus Prime figure is essential when starting a Transformers toy collection. Featuring classic Transformers conversion for kids 6 and up, kids can change this Optimus Prime action figure from toy robot to toy truck in 6 easy steps. Collect other Cyber Commander Series figures so kids can create their own Autobot vs. Decepticon battles and imagine Optimus Prime leading the heroic Autobots against the evil Decepticons! (Each sold separately. Subject to availability). Transformers and all related characters are trademarks of Hasbro.",use_cases,Classic conversion play of Transformers toys
,bullet_points,"EXPERIENCE THE CLASSIC CONVERSION PLAY OF TRANSFORMERS TOYS: Transformers toys that change from robot to vehicle have captivated kids for generations.
2 TOYS IN 1: This toy robot changes into the signature red and blue Optimus Prime toy truck in 6 simple steps. Easy conversion for kids 6 years old and up.
FAVORITE TRANSFORMERS CHARACTER: Transformers follows the story of the heroic Autobots, who fight to protect all life, and the evil Decepticons, who seek to conquer the universe. This timeless 11-inch Cyber Commander Series figure depicts Optimus Prime, legendary leader of the Autobots--essential when starting a Transformers toy collection.
IMAGINE EXCITING BATTLES: Collect other 11-inch Cyber Commander Series Transformers figures so kids can imagine their own Autobot vs. Decepticon battles (Each sold separately. Subject to availability).
MAKES A GREAT GIFT: This classic Optimus Prime action figure makes the perfect birthday or holiday gift.",variants,11-inch scale
,color,"Blue, Red, Gray",variants,Changes into toy truck
,size,11 inch(Pack of 1),variants,Red
,material,Plastic,variants,Blue
,style,Action Figure,variants,Gray
,model,C2001,variants,Plastic
,number_of_items,1,variants,Action Figure
,included_components,Figure and on-pack instructions.,variants,C2001
,target_audience,boys,variants,11-inch
---,,,,
B0C9SPJ9ZQ,title,35 ml RxCrush ENFit Syringe - Qty 10,audiences,Patients requiring tube feeding
https://www.amazon.com/dp/B0C9SPJ9ZQ,category_root,Industrial & Scientific,audiences,Caregivers administering tube feeding
Rx Crush,category_sub,Syringes,audiences,Clinical users
,product_type,PROFESSIONAL_HEALTHCARE,use_cases,Tube feeding
,description,"ENFit Syringe. Female tip with purple plunger.Use instead of Luer, Oral, or Catheter syringes for tube feeding.ISO 80369-3 compliant. No cap with syringe. See CA06.Materials: PP, Isoprene.Use with RxCrush Pill Pouches or ENFit feeding tubes and extension sets.Single patient use and Rx only.",use_cases,Use instead of Luer syringes for tube feeding
,bullet_points,"Vesco ENFit syringes.
Standard Tip",use_cases,Use instead of Oral syringes for tube feeding
,size,35 ml,use_cases,Use instead of Catheter syringes for tube feeding
,style,Standard ENFit,use_cases,Use with RxCrush Pill Pouches
,number_of_items,10,use_cases,Use with ENFit feeding tubes
,,,use_cases,Use with ENFit extension sets
,,,variants,ENFit
,,,variants,35 ml capacity
,,,variants,Qty 10 pack
,,,variants,Female tip
,,,variants,Standard tip
,,,variants,Purple plunger
,,,variants,ISO 80369-3 compliant
,,,variants,No cap
,,,variants,PP material
,,,variants,Isoprene material
,,,variants,Single patient use
,,,variants,Rx only
---,,,,
