ASIN / Brand,Input Field,Input Value,Type,Rank,Attribute Value
B0BQPGJ9LQ,title,"JBL Vibe Beam - True Wireless JBL Deep Bass Sound Earbuds, Bluetooth 5.2, Water & Dust Resistant, Ha",Variant,1,True Wireless
https://www.amazon.com/dp/B0BQPGJ9LQ,description,"""Bring your sound everywhere. With bass you can feel, up to 32 total hours of battery life, and a secure, comfortable stick-closed design, the splash and dust resistant JBL Vibe Beam are designed for your daily entertainment.",Variant,2,Deep Bass Sound
JBL,bullet_points,"JBL Deep Bass Sound: Get the most from your mixes with high-quality audio from secure, reliable earbuds with 8mm drivers featuring JBL Deep Bass Sound
Comfortable fit: The ergonomic, stick-closed design of the JBL Vibe Beam fits so comfortably you may forget you're wearing them. The closed design excludes external sounds, enhancing the bass performance
Up to 32 (8h + 24h) hours of battery life and speed charging: With 8 hours of battery life in the earbuds and 24 in the case, the JBL Vibe Beam provide all-day audio. When you need more power, you can speed charge an extra two hours in just 10 minutes.
Hands-free calls with VoiceAware: When you're making hands-free stereo calls on the go, VoiceAware lets you balance how much of your own voice you hear while talking with others
Water and dust resistant: From the beach to the bike trail, the IP54-certified earbuds and IPX2 charging case are water and dust resistant for all-day experiences",Variant,3,Bluetooth 5.2
,use_cases,Daily Entertainment,Variant,4,Up to 32 Hours Battery Life
,variants,Bluetooth 5.2,Variant,5,Water and Dust Resistant
,variants,White,Variant,6,White
,variants,Up to 32 Hours Battery Life,Variant,7,Hands-Free Call with VoiceAware
,variants,IP54-certified,Variant,8,IP54-certified
,variants,In-Ear,Variant,9,Comfortable fit
,variants,Comfortable fit,Variant,10,Speed Charging
,variants,Speed Charging,Variant,11,In-Ear
,variants,Hands-Free Call with VoiceAware,UseCase,1,Daily Entertainment
,variants,Small,,,
,variants,Water and Dust Resistant,,,
,variants,Deep Bass Sound,,,
,taxonomy_L1,True Wireless Earbuds,,,
,taxonomy_L2,Wireless Earphones,,,
,taxonomy_L3,Earphones,,,
---,,,,,
B0BZYCJK89,title,"Owala FreeSip Insulated Stainless Steel Water Bottle with Straw, BPA-Free Sports Water Bottle, Great",Variant,1,24 Ounce
https://www.amazon.com/dp/B0BZYCJK89,description,"The Owala FreeSip Insulated Stainless-Steel Water Bottle with Locking Push-Button Lid easily tackles every thirst. With a built-in, easy-clean straw and a wide-mouth opening, the FreeSip reusable bottle is designed for drinking two different ways: sipping upright through the straw or tilting back to swig from the wide-mouth spout opening. Add in a push-to-open lid and playful colors, and staying hydrated has never been simpler‚Äîor more fun. Additional features include double-wall insulated stainless steel that keeps drinks cold up to 24 hours, a carry loop that doubles as a lock, a cup holder-friendly base, and a wide opening for easy cleaning and adding ice. The Owala FreeSip Insulated Stainless-Steel Water Bottle with Locking Push-Button Lid is available in three sizes: 24-Ounce, 32-Ounce, and 40-Ounce. Lid is dishwasher safe; hand wash cup. Not for use with hot liquids. Manufacturer‚Äôs limited lifetime warranty.",Variant,2,Stainless Steel
Owala,bullet_points,"24-ounce insulated stainless-steel water bottle with a FreeSip spout and push-button lid with lock
Patented FreeSip spout designed for either sipping upright through the built-in straw or tilting back to swig from the spout opening
Protective push-to-open lid keeps spout clean; convenient carry loop doubles as a lock
Double-wall insulation keeps drinks cold for up to 24 hours; wide opening for cleaning and adding ice; cup holder-friendly base
BPA, lead, and phthalate-free; hand wash cup, dishwasher-safe lid; not for use with hot liquids",Variant,3,FreeSip Spout
,use_cases,General Hydration,Variant,4,BPA-Free
,use_cases,Sports,Variant,5,Denim
,use_cases,Travel,Variant,6,Double-Wall Insulation
,variants,BPA-Free,Variant,7,Push-Button Lid and Lock
,variants,24 Ounce,Variant,8,Carry Loop with Lock
,variants,Wide Opening,Variant,9,Wide Opening
,variants,Stainless Steel,Variant,10,Cup Holder-Friendly Base
,variants,Dishwasher-Safe Lid,Variant,11,Dishwasher-Safe Lid
,variants,FreeSip Spout,Variant,12,Hand Wash Cup
,variants,Denim,UseCase,1,Sports
,variants,Carry Loop with Lock,UseCase,2,Travel
,variants,Double-Wall Insulation,UseCase,3,General Hydration
,variants,Push-Button Lid and Lock,,,
,variants,Cup Holder-Friendly Base,,,
,variants,Hand Wash Cup,,,
,taxonomy_L1,Water Bottle,,,
---,,,,,
B0CJ4WZXQF,title,"Cisily Kitchen Sink Caddy Organzier with High Brush Holder, Sponge Holder for Sink, 304 Rustproof St",Variant,1,Sponge Holder
https://www.amazon.com/dp/B0CJ4WZXQF,bullet_points,"304 Stainless Steel
Quality Control 100%
„ÄêAUTOMATIC DRAINAGE SYSTEM„ÄëCisily adopts slope design to achieve perfect drainage effect, aiming at reducing the frequency and time of cleaning the sponge holder, freeing your hands, reducing the burden on your kitchen work, and improving your happiness index.
„ÄêPREMIUM STURDY MATERIAL„Äë Cisily kitchen sink organizer is made of premium stainless steel which can effectively prevent rust and deformation. And you can clean it easily by rinsing it under a running tap. Take the clutter out of your countertops.
„ÄêREASONABLE DIVIDER DESIGN„Äë The sponge holder for kitchen sink ergonomic divider design allows it to have 3 separate storage spaces, Different items are placed in different areas. Make the most of every inch of space and make your kitchen look cleaner.
„ÄêSATISFACTION GUARANTEED„ÄëThe CISILY kitchen sink organizer is ready to use upon receipt, no installation required and is widely used on counters or bathrooms, making it a satisfying gift. If you have any questions during use, please consult our customer service staff. We want to provide you with a pleasant shopping experience.
US Patent Number:Ôºö1038566S",Variant,2,High Brush Holder
Cisily,use_cases,Gifts,Variant,3,304 Stainless Steel
,use_cases,Bathrooms,Variant,4,Rustproof
,use_cases,Kitchen Countertop,Variant,5,Soap Dispenser Organizer
,use_cases,Kitchen,Variant,6,Automatic Draining System / Self-draining
,variants,Automatic Draining System / Self-draining,Variant,7,Ergonomic Partition Design
,variants,Black,Variant,8,3 x Storage Space
,variants,304 Stainless Steel,Variant,9,Large Capacity
,variants,Large Capacity,Variant,10,Sturdy
,variants,High Brush Holder,Variant,11,No Installation Required
,variants,Rustproof,Variant,12,Stainless Steel
,variants,Sturdy,Variant,13,Black
,variants,Ergonomic Partition Design,Variant,14,9.25 in
,variants,Stainless Steel,UseCase,1,Kitchen
,variants,Sponge Holder,UseCase,2,Kitchen Countertop
,variants,No Installation Required,UseCase,3,Bathrooms
,variants,Soap Dispenser Organizer,UseCase,4,Gifts
,variants,3 x Storage Space,,,
,variants,9.25 in,,,
,taxonomy_L1,Sink Caddy Organizer,,,
,taxonomy_L2,Kitchen Caddy Organizer,,,
,taxonomy_L3,Kitchen Storage and Organization,,,
---,,,,,
B0D6YNWLTS,title,Pioneer Camp Mens Lightweight Packable Puffer Jacket Winter Insulated Puffy Coat Water Repellent War,Variant,1,Lightweight
https://www.amazon.com/dp/B0D6YNWLTS,bullet_points,"WINDPROOF & WARM The stand collar lightweight puffer jacket is made with windproof, soft nylon fabric to block out cold air and keep you warm. The new winter jacket features elastic cuffs and an adjustable hem, effectively preventing wind from entering and ensuring fit, protecting you in cold weather. The front center zipper has dual side zipper chin guard, providing close-fitting comfort
WATER-RESISTANT & BREATHABLE The outer layer uses DWR technology with a waterproof rating of 3000mm. The interior is filled with polyester fiber eco-friendly down alternative material, offering enhanced warmth and breathability. This men's down alternative jacket keeps your core comfortable and dry in light rain, helping you stay warm and fight against harsh rainy or misty weather
LIGHTWEIGHT & PACKABLE DESIGN Ultra-lightweight, weightless experience, weighing only 300g.The men's stand-up collar puffer jacket can be quickly stored and placed in a waterproof storage bag. The storage bag has a drawstring and drawcord, allowing you to attach the jacket to your backpack. Our men's foldable, lightweight insulated puffer coat is ideal for casual wear and outdoor. The lightweight packable design takes up minimal space in your luggage and backpack, making travel stress-free
4 POCKETS The men's puffy quilted jacket includes 2 external zippered hand warmer pockets and 2 large internal pockets, perfect for storing money, keys, phone, wallet, passport, and other items, providing great privacy and convenience
OCCASION Suitable for travelling, camping, hiking, skiing, snowboarding, golf and many other outdoor activities, also good choice for casual life such as work, party, men's outerwear jackets & coats for spring fall winter. Best gifts for son, father, husband, friends,father's day gifts, birthday present, a dad gifts, Christmas gift idea etc",Variant,2,Packable
Pioneer Camp,audiences,Men,Variant,3,Water Repellent
,audiences,Hikers,Variant,4,Insulated
,use_cases,Camping,Variant,5,Warm
,use_cases,Casual Wear,Variant,6,Quilted
,use_cases,Skiing,Variant,7,Black
,use_cases,Work,Variant,8,Medium
,use_cases,Hiking,Variant,9,Windproof
,use_cases,Party,Variant,10,4 Pockets
,use_cases,Winter,Variant,11,Breathable
,use_cases,Snowboarding,Variant,12,Nylon
,use_cases,Travel,Variant,13,Elastic Cuffs
,use_cases,Golf,Variant,14,Chin Guard
,use_cases,Men's outerwear jackets,Variant,15,Machine Wash
,variants,Quilted,UseCase,1,Winter
,variants,Medium,UseCase,2,Travel
,variants,Breathable,UseCase,3,Casual Wear
,variants,Black,UseCase,4,Camping
,variants,Elastic Cuffs,UseCase,5,Hiking
,variants,Lightweight,UseCase,6,Work
,variants,Nylon,UseCase,7,Skiing
,variants,4 Pockets,UseCase,8,Snowboarding
,variants,Packable,UseCase,9,Golf
,variants,Water Repellent,UseCase,10,Party
,variants,Chin Guard,UseCase,11,Men's outerwear jackets
,variants,Machine Wash,Audience,1,Men
,variants,Warm,Audience,2,Hikers
,variants,Windproof,,,
,variants,Insulated,,,
,taxonomy_L1,Puffer Jacket / Puffy Coat,,,
,taxonomy_L2,Jacket,,,
,taxonomy_L3,Men's Clothing / Apparel,,,
---,,,,,
B0DSHWLXG6,title,"Jikasho Vacuum Magnetic Suction Phone Holder, Foldable and Retractable Hands-Free Suction Cup Phone ",Variant,1,Vacuum-lock suction mechanism
https://www.amazon.com/dp/B0DSHWLXG6,bullet_points,"Vacuum Lock + Gel Base ‚Äî For Smooth, Flat Surfaces: Features a rotary vacuum-lock and 4-layer washable gel base that forms a rock-solid hold on flat, non-textured surfaces such as glass, glossy dashboards, or hard leather. Avoid use on curved, soft, or textured materials. To install, firmly press the gel base and rotate the vacuum lock clockwise until tight
Washable Gel Base ‚Äî Restores Grip After Rinsing: The reusable nano-gel base maintains strong adhesion when clean. If suction weakens due to dust or dirt, simply rinse the gel with water and let it air dry‚Äîthis restores up to 99% of its original stickiness, and built to withstand -40¬∞F to 194¬∞F
360¬∞ Customizable Viewing Angle: Achieve full viewing flexibility with triple-axis adjustment‚Äî360¬∞ swivel, 180¬∞ tilt, and foldable arm positioning. Effortlessly switch between portrait and landscape modes. Built-in zinc alloy hinges rated for 7,000+ adjustments
Unmatched Magnetic Grip for Safe Driving: Upgraded with 24 N52 magnets in a dual-ring layout for ultra-strong, stable hold‚Äîeven on bumpy roads. No signal interference. Designed for MagSafe iPhones and cases; includes magnetic rings for wider phone compatibility
Wide Device Compatibility & Instant Setup: Supports iPhone 12‚Äì17 and other smartphones with the included magnetic ring. Mounts firmly to dashboards, mirrors, windows, or smooth tile‚Äîideal for your car, home, or studio. Setup takes seconds. Do not use on armor, silicone, leather, suede, or uneven phone cases, as the magnetic ring may not adhere securely",Variant,2,Foldable and retractable arm
Jikasho,audiences,drivers,Variant,3,24 N52 magnet dual-ring system
,audiences,rideshare drivers,Variant,4,MagSafe-compatible magnetic mount
,audiences,gym users,Variant,5,360¬∞ swivel with 180¬∞ tilt adjustment
,audiences,content creators,Variant,6,Washable nano-gel base
,audiences,remote workers,Variant,7,"Triple-axis hinge design (7,000+ adjustments)"
,audiences,iPhone and Android smartphone users,Variant,8,Includes magnetic rings for non-MagSafe phones
,use_cases,hands-free driving navigation,Variant,9,Heat and cold resistant (-40¬∞F to 194¬∞F)
,use_cases,dashboard or windshield phone mounting,Variant,10,Black color
,use_cases,gym and workout phone viewing,UseCase,1,hands-free driving navigation
,use_cases,mirror-mounted content recording,UseCase,2,dashboard or windshield phone mounting
,use_cases,home or studio phone mounting,UseCase,3,Iphone
,use_cases,travel and road trip use,UseCase,4,Android
,use_cases,Iphone,UseCase,5,Smartphone
,use_cases,Android,UseCase,6,gym and workout phone viewing
,use_cases,Smartphone,UseCase,7,mirror-mounted content recording
,variants,Vacuum-lock suction mechanism,UseCase,8,home or studio phone mounting
,variants,Washable nano-gel base,UseCase,9,travel and road trip use
,variants,Foldable and retractable arm,Audience,1,drivers
,variants,360¬∞ swivel with 180¬∞ tilt adjustment,Audience,2,iPhone and Android smartphone users
,variants,"Triple-axis hinge design (7,000+ adjustments)",Audience,3,rideshare drivers
,variants,24 N52 magnet dual-ring system,Audience,4,gym users
,variants,MagSafe-compatible magnetic mount,Audience,5,content creators
,variants,Includes magnetic rings for non-MagSafe phones,Audience,6,remote workers
,variants,Heat and cold resistant (-40¬∞F to 194¬∞F),,,
,variants,Black color,,,
,taxonomy_L1,Car Phone Holders & Mounts,,,
---,,,,,
B0CVQJY9C6,title,ENFit¬Æ Syringe - 20ml - QTY 10,Variant,1,ENFit
https://www.amazon.com/dp/B0CVQJY9C6,description,ENFit Syringe,Variant,2,20 ml capacity
Rx Crush,bullet_points,"ENFit
Standard ENFit Tip
Clear Barrel",Variant,3,Qty 10 pack
,audiences,Patients requiring enteral feeding,Variant,4,Standard ENFit tip
,audiences,Caregivers administering tube feeds,Variant,5,Clear barrel
,audiences,Clinical users in healthcare settings,Variant,6,Non-sterile
,use_cases,Enteral tube feeding,Variant,7,Plastic
,use_cases,ENFit connector syringe use,UseCase,1,Enteral tube feeding
,variants,ENFit,UseCase,2,ENFit connector syringe use
,variants,20 ml capacity,Audience,1,Patients requiring enteral feeding
,variants,Qty 10 pack,Audience,2,Caregivers administering tube feeds
,variants,Standard ENFit tip,Audience,3,Clinical users in healthcare settings
,variants,Clear barrel,,,
,variants,Non-sterile,,,
,variants,Plastic,,,
,taxonomy_L1,Syringe,,,
---,,,,,
B0F42MT8JX,title,"Countertop Ice Maker Machine, 8 Ice Cubes in 6 mins, 26lb/Day Ice with 2 Sizes- Portable Mini, Energ",Variant,1,8 ice cubes in 6 minutes
https://www.amazon.com/dp/B0F42MT8JX,bullet_points,"Eco-Conscious Performance‚Äå:The ice maker uses an optimized motor and streamlined construction to cut energy consumption by 30%. Lower carbon footprint + save on energy bills ‚Äì sustainability meets smart spending.
Turbo Ice Machine:Chill drinks in just 6 minutes ‚Äì 26lbs of ice a day capacity crushes summer heat anxiety. Keep the drinks flowing at pool parties, BBQs, or sudden guest arrivals.
Self-Cleaning Care‚Äå:One-touch maintenance cycle keeps ice tasting fresh. No more funky ice odors! Simply activate weekly (or after 2-week inactivity) for crystal-clear ice you can trust.
Road Trip-Ready Compactness‚Äå:Fits anywhere with 8.66""x10.39""x11.22"" footprint ‚Äì Throw a countertop ice maker in your RV, tailgate setup, or beach cabana. Your ultimate hydration sidekick for adventures.
Library-Quiet Operation‚Äå:Whisper-quiet tech at <40dB ‚Äì Talk, work, or binge undisturbed. Our acoustic engineers obsess over every decibel. So is our ice machine.",Variant,2,26 lb daily ice production
Antarctic Star,audiences,homeowners,Variant,3,Portable countertop form factor
,audiences,party hosts,Variant,4,Two ice cube sizes
,audiences,frequent entertainers,Variant,5,Energy-saving motor (30% reduced consumption)
,audiences,travelers and campers,Variant,6,Self-cleaning function
,audiences,RV owners,Variant,7,Quiet operation under 40 dB
,audiences,energy-conscious consumers,Variant,8,Compact footprint (8.66 x 10.39 x 11.22 inches)
,use_cases,home kitchen ice making,Variant,9,Includes ice basket and scoop
,use_cases,party and entertaining use,Variant,10,Black color finish
,use_cases,BBQ and poolside drinks,UseCase,1,home kitchen ice making
,use_cases,travel and RV use,UseCase,2,party and entertaining use
,use_cases,camping and outdoor trips,UseCase,3,BBQ and poolside drinks
,use_cases,bar and beverage preparation,UseCase,4,travel and RV use
,variants,8 ice cubes in 6 minutes,UseCase,5,camping and outdoor trips
,variants,26 lb daily ice production,UseCase,6,bar and beverage preparation
,variants,Two ice cube sizes,Audience,1,homeowners
,variants,Portable countertop form factor,Audience,2,party hosts
,variants,Compact footprint (8.66 x 10.39 x 11.22 inches),Audience,3,frequent entertainers
,variants,Energy-saving motor (30% reduced consumption),Audience,4,travelers and campers
,variants,Self-cleaning function,Audience,5,RV owners
,variants,Quiet operation under 40 dB,Audience,6,energy-conscious consumers
,variants,Includes ice basket and scoop,,,
,variants,Black color finish,,,
,taxonomy_L1,Ice Maker,,,
---,,,,,
B000H3I2JG,title,"Revlon ColorStay Pencil Waterproof Eyeliner, Smudge-Proof, Eye Makeup with Built-In Sharpener, Stock",Variant,1,Waterproof formula
https://www.amazon.com/dp/B000H3I2JG,description,"Product Description

America‚Äôs #1 Longwear Eyeliner.* Revlon ColorStay Eyeliner Pencil delivers rich, lasting color that looks freshly applied all day long, and glides on smoothly in totally wearable, everyday shades. Whether you want to go subtle or dramatic, this eyeliner pencil creates the look you want and stays on strong. Formulated with ColorStay Adapti-Flex Color Lock Technology‚Ñ¢. Waterproof, smudge-proof, fade-proof, and transfer-proof. Up to 24HR wear. Plus, it has a built-in sharpener and smudger. *Revlon Consumer Products Corporation‚Äôs calculation based in part on data reported by Circana, LLC, through its OmniMarket Service of Total US Multi-Outlet for Makeup Category, Eyeliner Subcategory for the 52-week period ending 11-24-2024 using Revlon‚Äôs custom definitions.

Brand Story

By Revlon",Variant,2,Pencil eyeliner format
REVLON,bullet_points,"LASTING LINES: Rich color looks freshly applied all day long; transfer-proof, waterproof, smudge-proof and fade-proof
UP TO 24HR WEAR: Creates the look you want and stays on strong
EASY APPLICATION: Glides on, creating intensely defined lines that can go from subtle to dramatic. Includes built-in sharpener for the perfect pointed tip and a smudger to blend.
TWO FINISHES: Available in 12 totally wearable matte and shimmer shades
OPHTHALMOLOGIST TESTED: Suitable for use on waterline and comfortable to wear",Variant,3,Smudge-proof and transfer-proof wear
,audiences,women makeup users,Variant,4,Black Brown shade (202)
,audiences,long-wear makeup seekers,Variant,5,Up to 24-hour wear
,audiences,everyday makeup wearers,Variant,6,Built-in sharpener
,audiences,beauty enthusiasts,Variant,7,ColorStay longwear technology
,audiences,gift and stocking stuffer shoppers,Variant,8,Built-in smudger
,use_cases,all-day eye makeup wear,Variant,9,Ophthalmologist tested
,use_cases,waterline application,Variant,10,Matte and shimmer finish options
,use_cases,subtle everyday makeup looks,UseCase,1,all-day eye makeup wear
,use_cases,dramatic eye definition,UseCase,2,waterline application
,use_cases,long-lasting makeup for events or travel,UseCase,3,dramatic eye definition
,variants,Waterproof formula,UseCase,4,subtle everyday makeup looks
,variants,Smudge-proof and transfer-proof wear,UseCase,5,long-lasting makeup for events or travel
,variants,Up to 24-hour wear,Audience,1,women makeup users
,variants,Pencil eyeliner format,Audience,2,long-wear makeup seekers
,variants,Built-in sharpener,Audience,3,everyday makeup wearers
,variants,Built-in smudger,Audience,4,beauty enthusiasts
,variants,Black Brown shade (202),Audience,5,gift and stocking stuffer shoppers
,variants,Matte and shimmer finish options,,,
,variants,Ophthalmologist tested,,,
,variants,ColorStay longwear technology,,,
,taxonomy_L1,Pencil Eyeliner,,,
,taxonomy_L2,Eyeliner,,,
,taxonomy_L3,Eye Makeup,,,
---,,,,,
B08J8GZXKZ,title,"KITCHENAID Ribbed Soft Silicone Oven Mitt 2-Pack Set, 7.5""x13"", Milkshake",Variant,1,2-pack set
https://www.amazon.com/dp/B08J8GZXKZ,description,"Perform your kitchen tasks safely with the Kitchen Aid Ribbed Soft Silicone 2-Piece Oven Mitt Set. The textured, ribb stripe design offers a secure grip while handling hot objects. Made of durable and waterproof silicone with a cotton cuff that provides additional shield from the heat and polyester lining that offers comfort and insulation. Each oven mitt measures 7 inches by 13 inches for a generous fit. They are heat resistant up to 500 degrees Fahrenheit. Coordinate these oven mitts with coordinating Kitchen Aid Ribbed Soft Silicone Pot Holders for a complete set.",Variant,2,7.5 x 13 inch size
KitchenAid,bullet_points,"DURABLE, HEAT RESISTANT SILICONE - The Kitchen Aid Ribbed Soft Silicone mitts are heat resistant up to 500 degrees Fahrenheit to safely shield hands from the heat while cooking and handling hot pans and dishes.
WATERPROOF & SLIP-RESISTANT - These silicone mitts are water resistant for additional protection from hot spills and spots with a textured, ribbed stripe design for a safe and secure grip.
SET OF TWO- Includes two (2) generously sized oven mitts that each measures 7"" wide x 13"" long for a comfortable fit.
ADDITIONAL PROTECTION & COMFORT - The 100% cotton cuff provides additional protection from the heat with polyester lining that offers comfort and insulation.
EASY CARE - These Kitchen Aid oven mitts can be easily cleaned. Simply rinse off with water and wipe them clean.",Variant,3,Milkshake color
,audiences,home cooks,Variant,4,Heat resistant up to 500¬∞F
,audiences,baking enthusiasts,Variant,5,Soft ribbed silicone exterior
,audiences,frequent kitchen users,Variant,6,Waterproof silicone material
,audiences,safety-conscious cooks,Variant,7,Slip-resistant textured grip
,audiences,KitchenAid brand loyalists,Variant,8,Cotton cuff
,use_cases,oven cooking and baking,Variant,9,Polyester lining
,use_cases,handling hot pans and dishes,UseCase,1,oven cooking and baking
,use_cases,grilling and stovetop cooking,UseCase,2,handling hot pans and dishes
,use_cases,kitchen heat protection,UseCase,3,kitchen heat protection
,use_cases,everyday kitchen use,UseCase,4,grilling and stovetop cooking
,variants,Heat resistant up to 500¬∞F,UseCase,5,everyday kitchen use
,variants,Soft ribbed silicone exterior,Audience,1,home cooks
,variants,Waterproof silicone material,Audience,2,baking enthusiasts
,variants,Slip-resistant textured grip,Audience,3,safety-conscious cooks
,variants,2-pack set,Audience,4,frequent kitchen users
,variants,7.5 x 13 inch size,Audience,5,KitchenAid brand loyalists
,variants,Cotton cuff,,,
,variants,Polyester lining,,,
,variants,Milkshake color,,,
,taxonomy_L1,Oven Mitt,,,
---,,,,,
B09LCKZBTW,title,"Webacoo Bamboo Tray with Handles - Lightweight Serving Tray for Breakfast in Bed, Coffee Table, BBQ,",Variant,1,"15"" x 10"" large size"
https://www.amazon.com/dp/B09LCKZBTW,bullet_points,"üåø Serve with Webacoo Style: Elevate your dining experience! Whether serving breakfast in bed, organizing snacks on a coffee table, hosting a BBQ party, or displaying decor on your ottoman, this bamboo tray combines practicality with rustic charm. Its versatile design fits seamlessly into kitchens, living rooms, patios, and even commercial settings.
üåø Premium Eco-Friendly Bamboo Construction: Crafted from 100% natural, heat-treated bamboo, Webacoo‚Äôs serving tray is stronger and more durable than plastic alternatives. Sanded smooth and coated with food-safe oil, it resists stains, splinters, and wear‚Äîideal for daily use and heavy-duty occasions.
üåø Ergonomic Handles & Lightweight Design: Sleek, low-profile handles ensure a secure grip, even when fully loaded. At just 15.3‚Äù x 9.8‚Äù, this lightweight yet sturdy tray effortlessly carries meals, drinks, or decor from room to room. Raised edges prevent spills, keeping items firmly in place.
üåø Multipurpose for Home & Beyond: Use it as a breakfast platter, snack organizer, coffee table centerpiece, or decorative storage for keys and remotes. Its minimalist bohemian style also makes it perfect for candle displays, plant holders, or wall art.
üåø Easy-Clean & Gift-Ready: Simply wipe with a damp cloth for instant maintenance. With its timeless design and eco-conscious appeal, this bamboo tray is an ideal gift for weddings, housewarmings, birthdays, or Christmas‚Äîsure to delight friends, family, or even yourself!
üåø Why Choose Us? Durable, lightweight, and endlessly versatile, this bamboo serving tray is designed to last. Upgrade your home or commercial space with a piece that blends functionality, sustainability, and modern elegance.",Variant,2,Natural bamboo construction
WEBACOO,audiences,homeowners,Variant,3,Ergonomic built-in handles
,audiences,eco-conscious consumers,Variant,4,Lightweight design
,audiences,hosts and entertainers,Variant,5,Eco-friendly material
,audiences,apartment dwellers,Variant,6,Heat-treated bamboo
,audiences,gift buyers,Variant,7,Food-safe oil finish
,audiences,home decor enthusiasts,Variant,8,Raised spill-prevention edges
,use_cases,breakfast in bed serving,Variant,9,Rustic minimalist style
,use_cases,coffee table snack serving,UseCase,1,breakfast in bed serving
,use_cases,BBQ and party serving,UseCase,2,coffee table snack serving
,use_cases,kitchen and dining use,UseCase,3,BBQ and party serving
,use_cases,ottoman and couch tray use,UseCase,4,kitchen and dining use
,use_cases,decorative home organization,UseCase,5,ottoman and couch tray use
,use_cases,gifting for special occasions,UseCase,6,decorative home organization
,variants,15‚Äù x 10‚Äù large size,UseCase,7,gifting for special occasions
,variants,Natural bamboo construction,Audience,1,homeowners
,variants,Eco-friendly material,Audience,2,hosts and entertainers
,variants,Lightweight design,Audience,3,eco-conscious consumers
,variants,Ergonomic built-in handles,Audience,4,gift buyers
,variants,Raised spill-prevention edges,Audience,5,home decor enthusiasts
,variants,Heat-treated bamboo,Audience,6,apartment dwellers
,variants,Food-safe oil finish,,,
,variants,Rustic minimalist style,,,
,taxonomy_L1,Serving Tray,,,
---,,,,,
B077YYP739,title,"Transformers Toys Heroic Optimus Prime Action Figure - Timeless Large-Scale Figure, Changes into Toy",Variant,1,Optimus Prime character
https://www.amazon.com/dp/B077YYP739,description,"Bring home the excitement of Transformers robots with this Cyber Commander series Optimus Prime figure! The Transformers are sentient robots from the distant planet, Cybertron. Two factions, the heroic Autobots and the evil Decepticons are in an ever-raging battle. The legendary Autobot leader, Optimus Prime, fights to defend all life, while his nemesis, the merciless Decepticon leader, Megatron, fights to destroy it. This timeless 11-inch scale Transformers Optimus Prime figure is essential when starting a Transformers toy collection. Featuring classic Transformers conversion for kids 6 and up, kids can change this Optimus Prime action figure from toy robot to toy truck in 6 easy steps. Collect other Cyber Commander Series figures so kids can create their own Autobot vs. Decepticon battles and imagine Optimus Prime leading the heroic Autobots against the evil Decepticons! (Each sold separately. Subject to availability). Transformers and all related characters are trademarks of Hasbro.",Variant,2,11-inch large-scale figure
Transformers,bullet_points,"EXPERIENCE THE CLASSIC CONVERSION PLAY OF TRANSFORMERS TOYS: Transformers toys that change from robot to vehicle have captivated kids for generations.
2 TOYS IN 1: This toy robot changes into the signature red and blue Optimus Prime toy truck in 6 simple steps. Easy conversion for kids 6 years old and up.
FAVORITE TRANSFORMERS CHARACTER: Transformers follows the story of the heroic Autobots, who fight to protect all life, and the evil Decepticons, who seek to conquer the universe. This timeless 11-inch Cyber Commander Series figure depicts Optimus Prime, legendary leader of the Autobots--essential when starting a Transformers toy collection.
IMAGINE EXCITING BATTLES: Collect other 11-inch Cyber Commander Series Transformers figures so kids can imagine their own Autobot vs. Decepticon battles (Each sold separately. Subject to availability).
MAKES A GREAT GIFT: This classic Optimus Prime action figure makes the perfect birthday or holiday gift.",Variant,3,Robot-to-truck transformation
,audiences,kids ages 6 and up,Variant,4,2-in-1 transforming toy
,audiences,Transformers fans,Variant,5,6-step easy conversion
,audiences,young action figure collectors,Variant,6,Cyber Commander Series
,use_cases,imaginative play,Variant,7,Red and blue truck mode
,use_cases,Autobot vs. Decepticon battle play,Variant,8,Amazon Exclusive
,use_cases,toy collection building,UseCase,1,imaginative play
,use_cases,birthday and holiday gifting,UseCase,2,Autobot vs. Decepticon battle play
,variants,11-inch large-scale figure,UseCase,3,toy collection building
,variants,Optimus Prime character,UseCase,4,birthday and holiday gifting
,variants,Robot-to-truck transformation,Audience,1,kids ages 6 and up
,variants,2-in-1 transforming toy,Audience,2,Transformers fans
,variants,6-step easy conversion,Audience,3,young action figure collectors
,variants,Cyber Commander Series,,,
,variants,Red and blue truck mode,,,
,variants,Amazon Exclusive,,,
,taxonomy_L1,Transformer,,,
,taxonomy_L2,Action Figure,,,
,taxonomy_L3,Toys,,,
---,,,,,
B0C9SPJ9ZQ,title,35 ml RxCrush ENFit Syringe - Qty 10,Variant,1,35 ml capacity
https://www.amazon.com/dp/B0C9SPJ9ZQ,description,"ENFit Syringe. Female tip with purple plunger.Use instead of Luer, Oral, or Catheter syringes for tube feeding.ISO 80369-3 compliant. No cap with syringe. See CA06.Materials: PP, Isoprene.Use with RxCrush Pill Pouches or ENFit feeding tubes and extension sets.Single patient use and Rx only.",Variant,2,ENFit
Rx Crush,bullet_points,"Vesco ENFit syringes.
Standard Tip",Variant,3,Qty 10 pack
,audiences,Patients requiring enteral feeding,Variant,4,Female tip
,audiences,Caregivers administering tube feeds/medications,Variant,5,Standard tip
,audiences,Clinical users in healthcare settings,Variant,6,Purple plunger
,audiences,Prescription purchasers,Variant,7,ISO 80369-3 compliant
,use_cases,Tube feeding,Variant,8,Single patient use
,use_cases,Replacing Luer/oral/catheter syringes for enteral use,Variant,9,Rx only
,use_cases,Medication administration via feeding tube,Variant,10,"Plastic (PP, Isoprene)"
,use_cases,Use with RxCrush pill pouches,Variant,11,Non-sterile
,use_cases,Use with ENFit feeding tubes,Variant,12,No cap included
,use_cases,Use with ENFit extension sets,UseCase,1,Tube feeding
,variants,ENFit,UseCase,2,Replacing Luer/oral/catheter syringes for enteral use
,variants,35 ml capacity,UseCase,3,Medication administration via feeding tube
,variants,Qty 10 pack,UseCase,4,Use with RxCrush pill pouches
,variants,Female tip,UseCase,5,Use with ENFit feeding tubes
,variants,Standard tip,UseCase,6,Use with ENFit extension sets
,variants,Purple plunger,Audience,1,Patients requiring enteral feeding
,variants,ISO 80369-3 compliant,Audience,2,Caregivers administering tube feeds/medications
,variants,Non-sterile,Audience,3,Clinical users in healthcare settings
,variants,"Plastic (PP, Isoprene)",Audience,4,Prescription purchasers
,variants,No cap included,,,
,variants,Single patient use,,,
,variants,Rx only,,,
,taxonomy_L1,Syringe,,,
---,,,,,
