ASIN / Brand,Input Field,Input Value,Level,Product Type
B07R635LFP,title,Fertilome (11728) All Purpose Water Soluble Plant Food 20-20-20 (8 oz),L1,Water Soluble Plant Food
https://www.amazon.com/dp/B07R635LFP,category_root,"Patio, Lawn & Garden",L2,Fertilizer
ferti-lome,category_sub,Fertilizers & Plant Food,L3,Fertilizers & Plant Food
,product_type,FERTILIZER,,
,bullet_points,"Increases flower size, quantity and vibrance of color. Enables continuous flower production.
Ideal for Geraniums, Pansies, Petunias, Impatiens, annuals, perennials, hanging baskets and more.
Can be used both indoor and outdoor. Works best when used as a soil drench and foliar spray.
20-20-20 Fertilizer contains 20% Nitrogen, 20% Phosphate and 20% Soluble Potash.
Soil application mix 1-2 tsps. in 1 gal of water. Foliage feed mix 1/4 - 1 tsps. in 1 gal of water.",,
,description,—,,
---,,,,
B00LZY30XY,title,"API Leaf Zone Aquarium Plant Food, 32-Ounce",L1,Aquarium Plant Food
https://www.amazon.com/dp/B00LZY30XY,category_root,Pet Supplies,L2,Fertilizer
API,category_sub,Aquarium Water Treatments,L3,Aquarium Water Treatments
,product_type,FERTILIZER,,
,bullet_points,"Plant Food: The API Leaf Zone Aquarium 32-Ounce Plant Food is formulated for rapid absorption through plant leaves
Function: It promotes the growth of the aquatic plant
Lush Green Leaves: It contains chelated iron and potassium essential for lush green leaves
Application: Ideal for use in aquariums containing freshwater fish and plants
Capacity: It comes in two 16 oz. bottles",,
,description,"API Leaf Zone Aquarium Plant Food, 32-Ounce",,
---,,,,
B01C9WRGWQ,title,"Bonide 107 Liquid Cactus Food, 8 oz",L1,Cactus Food
https://www.amazon.com/dp/B01C9WRGWQ,category_root,"Patio, Lawn & Garden",L2,Fertilizer
Bonide,category_sub,Fertilizers & Plant Food,L3,Plant Food
,product_type,FERTILIZER,,
,bullet_points,"Package Dimensions: 3.555 H x 20.32 L x 6.858 W (centimetres)
Promotes strong roots and plant vigour
Package Weight: 0.317 kilograms
Country of Origin : United States",,
,description,"Bonide Liquid Cactus Food 2-7-7, 8 ounce Concentrate is a tropical plant food that has been specifically formulated to meet the unique needs of all cacti, aloe, jade and other popular succulents. Bonide's Cactus fertilizer promotes strong roots, lush foliage and excellent plant vigor with a limited amount of watering while instantly feeding all succulent plants.",,
---,,,,
B01JIRGRAM,title,Espoma Organic 8 Ounce Concentrated Indoor! Plant Food - Indoor Plant Fertilizer for Large & Small P,L1,Indoor Plant Fertilizer
https://www.amazon.com/dp/B01JIRGRAM,category_root,"Patio, Lawn & Garden",L2,Fertilizer
Espoma,category_sub,Fertilizers & Plant Food,L3,Plant Food
,product_type,FERTILIZER,,
,bullet_points,"ORGANIC PLANT FOOD: This liquid fertilizer for indoor plants provides organic nutrients to ensure superior results and is safe to use around kids and pets.
EASY: Simply add ½ cap of indoor plant food liquid per quart of water and water your plants. Thoroughly drench the soil of the plant. For best results use every 2-4 weeks.
CONTAINS: Essential plant nutrients to help houseplants thrive. Liquid plant food is a vital part of indoor plant care, even for little plants. See label for all ingredients.
FAST RESULTS: Espoma organic fertilizer for indoor plants will help you grow vibrant, larger house plants while encouraging new growth & the development of a strong root system in a potted plant.
USE: Organic plant fertilizer specifically formulated for large and small house plants like a Fiddle leaf fig tree, a Monstera Plant, a Snake Plant, a Pothos Plant or a Palm plant.",,
,description,—,,
---,,,,
B009HLVIY0,title,"Neptune's Harvest FS118 Fish & Seaweed Blend Fertilizer 2-3-1, 18 oz",L1,Fish & Seaweed Fertilizer
https://www.amazon.com/dp/B009HLVIY0,category_root,Health & Household,L2,Fertilizer
Neptune's Harvest,category_sub,"Diet & Sports Nutrition, Fertilizers & Plant Food",,
,product_type,FERTILIZER,,
,bullet_points,"Gives you the best of both products with a perfect blend of fish hydrolysate and seaweed, ensuring a complete fertilization program
Flowers and foliage will be stronger and more colorful
Blooms will be more plentiful, fragrant and longer lasting",,
,description,—,,
---,,,,
B0182U89FW,title,Bonide Liquid Cactus Food 2-7-7,L1,Cactus Food
https://www.amazon.com/dp/B0182U89FW,category_root,"Patio, Lawn & Garden",L2,Fertilizer
Bonide,category_sub,Fertilizers & Plant Food,,
,product_type,FERTILIZER,,
,bullet_points,"Ideal for Cacti and Aloe
All Succulents Approve
Feed Everytime You Water
Trusted Bonide Brand
8 oz.",,
,description,Bonide Liquid Cactus Food 2-7-7,,
---,,,,
B009YNVGNE,title,BONIDE Products INC 272 LB Stump Out,L1,Stump Removal Granules
https://www.amazon.com/dp/B009YNVGNE,category_root,"Patio, Lawn & Garden",L2,Fertilizer
Bonide,category_sub,Fertilizers & Plant Food,,
,product_type,FERTILIZER,,
,bullet_points,Bonide Stump-Out Stump Removal Granules are the do-it-yourself stump removal product.,,
,description,"Bonide Stump-Out Stump Removal Granules are the do-it-yourself stump removal product. Helps accelerate the decomposition of tree stumps. The easy, chemical way to remove stumps. No digging or chopping. Safe to use. Simply apply the non-explosive dry granular chemical to the stump as directed. Do-it-yourself stump removal",,
---,,,,
B072VTB8WK,title,Neptune's Harvest Fish,L1,Fish Fertilizer
https://www.amazon.com/dp/B072VTB8WK,category_root,"Patio, Lawn & Garden",L2,Fertilizer
Neptune's Harvest,category_sub,Fertilizers & Plant Food,L3,Plant Food
,product_type,FERTILIZER,,
,bullet_points,B072VTB8WK,,
,description,B072VTB8WK,,
---,,,,
B01N8R92O1,title,"Dr. Earth 749688750646 75064 1 lb 5-4-6 MINIS Exotic Blend Palm, Tropical and Hibis, 1",L1,Organic Fertilizer
https://www.amazon.com/dp/B01N8R92O1,category_root,"Patio, Lawn & Garden",L2,Fertilizer
Dr. Earth,category_sub,Fertilizers & Plant Food,L3,Plant Food
,product_type,FERTILIZER,,
,bullet_points,"100% organic & natural hand crafted blend
Ideal for all tropical and sub-tropical plants, palms, hibiscus, flummeries, ferns, bougainvillea's and every flowering plant in your garden
No GMOs, chicken manure, sewage sludge (""Bio solids"") to taint the cleanliness or safety of our handcrafted blend
Misapply Certified-the independent seal of approval that guarantees is in our fertilizer",,
,description,"Dr. Earth 749688750646 75064 1 lb 5-4-6 MINIS Exotic Blend Palm, Tropical and Hibis, 1",,
---,,,,
B01MRJIYVM,title,Dr. Earth 70656 1 lb 5-5-2 MINIS Natural Wonder Fruit Tree Fertilizer,L1,Fruit Tree Fertilizer
https://www.amazon.com/dp/B01MRJIYVM,category_root,"Patio, Lawn & Garden",L2,Fertilizer
Dr. Earth,category_sub,Fertilizers & Plant Food,L3,Plant Food
,product_type,FERTILIZER,,
,bullet_points,"100% organic & natural hand crafted blend
Ideal for all fruit trees and berries
Promotes healthy roots and fruit growth
No GMOs, chicken manure, sewage sludge (""Bio solids"") to taint the cleanliness or safety of our handcrafted blend",,
,description,"Natural Wonder® is formulated to feed all fruit trees, berries, and fruiting vines in containers or any backyard soils. 100% organic, it promotes hearty roots and fruit growth & is infused with our Trubiotic® premium probiotic package. Ideal for citrus, apples, peaches, all nut trees, all fruit trees, all berries, avocados, grapes, and all vines.",,
---,,,,
B07ZZDQNPV,title,Espoma Organic Orchid! 8-Ounce Concentrated Plant Food – Plant Fertilizer and Bloom Booster for All ,L1,Orchid Fertilizer
https://www.amazon.com/dp/B07ZZDQNPV,category_root,"Patio, Lawn & Garden",L2,Plant Fertilizer
Espoma,category_sub,Fertilizers & Plant Food,L3,Fertilizers & Plant Food
,product_type,FERTILIZER,,
,bullet_points,"ORGANIC PLANT FOOD: This liquid fertilizer for Orchids provides organic nutrients to ensure superior results and is safe to use around kids and pets
EASY: Simply add ½ cap of Orchid! plant food liquid per quart of water and water your plants. Thoroughly drench the soil of the plant. For best results use every 2-4 weeks
CONTAINS: Essential plant nutrients to help plants thrive. Liquid plant food is a vital part of Orchid care, for plants both large & small. See label for all ingredients
FAST RESULTS: Espoma Organic Orchid! fertilizer will help you grow vibrant, larger plants while encouraging new growth & blooms
MADE IN THE USA: Product of the Espoma Company. The leader in natural organics since 1929",,
,description,—,,
---,,,,
B0047BIVRM,title,"Dr. Earth 700P Organic 1 Bulb Fertilizer in Poly Bag, 4-Pound,Multi",L1,Bulb Fertilizer
https://www.amazon.com/dp/B0047BIVRM,category_root,"Patio, Lawn & Garden",L2,Fertilizer
Dr. Earth,category_sub,Fertilizers & Plant Food,L3,Plant Food
,product_type,FERTILIZER,,
,bullet_points,"100% organic and natural hand crafted blend
Includes a target pH of 6.5
Available in a 4 pound size
100 percent natural and organic
Bigger, more abundant blooms naturally
Loosens and improves soil structure
Formulated to feed both short and long term
People and pet safe",,
,description,"Dry Earth Bulb Fertilizer contains an ultra-premium scientific formula that provides optimum levels of primary essential plant nutrients including needed micronutrients and multi-minerals loosening and improving soil structure so bulbs can reach maturity more quickly. The 100% organic and natural hand crafted blend is specially designed to release nutrients quickly while continuing to feed plants for several months. Ideal for growing all bulbs, tubers, rhizomes and can be used in raised beds during planting or even mid-season for a nutritional boost maximizing the color and blooms in your garden. Includes a target pH of 6.5. Available in a 4 pound size.",,
---,,,,
B000P9L74Y,title,"Jobe’s Flower Fertilizer Spikes, Easy Plant Care Fertilizer for Potted Plants and Hanging Baskets, 1",L1,Fertilizer Spikes
https://www.amazon.com/dp/B000P9L74Y,category_root,"Patio, Lawn & Garden",L2,Fertilizer
Jobe's Organics,category_sub,Fertilizers & Plant Food,L3,Plant Food
,product_type,FERTILIZER,,
,bullet_points,"Package contains 18 plant fertilizer spikes for potted plants and hanging baskets and is produced to avoid wasteful runoff, mess, hazards and smells
Plant fertilizer is formulated with a 8-9-12 NPK to provide plants, ferns, and flowers nutrients they need for bright blooms and vibrant foliage
Application is simple and slow release fertilizer spikes feed plants and flowers for up to 8 weeks
Jobe's fertilizer spikes come pre-measured to provide the right amount of nutrients for your plants and flowers with no risk of over fertilizing
Jobe's fertilizer spikes come in a variety of formulas and pack sizes to help provide lush foliage and vibrant color to your lawn and garden",,
,description,"Product Description

Make sure your landscape is full of healthy plants with beautiful blooms with Jobe's Fertilizer Spikes for Potted Plants & Hanging Baskets. Convenient and easy to use, Jobe's fertilizer spikes provide nutrition underground at the roots where plants can actually use it. Just insert spikes around your potted plants and the slow-release formula feeds them for up to 8 weeks. Plus, spikes ensure that nutrients aren't washed away like surface applied fertilizers. The specially formulated, pre-measured spikes deliver fast, easy and mess-free fertilizer. Our potted plant spikes are available in a waterproof, resealable pouch or in a blister card pack. Jobe's Fertilizer Spikes for Hanging Baskets & Potted Plants will help your flowers thrive. No mess, hazards or smells. Safe for use around children and pets.

From the Manufacturer

Make sure your landscape is full of healthy plants with beautiful blooms with Jobe's Fertilizer Spikes for Potted Plants & Hanging Baskets. Convenient and easy to use, Jobe's fertilizer spikes provide nutrition underground at the roots where plants can actually use it. Just insert spikes around your potted plants and the slow-release formula feeds them for up to 8 weeks. Plus, spikes ensure that nutrients aren't washed away like surface applied fertilizers. The specially formulated, pre-measured spikes deliver fast, easy and mess-free fertilizer. Our potted plant spikes are available in a waterproof, resealable pouch or in a blister card pack. Jobe's Fertilizer Spikes for Hanging Baskets & Potted Plants will help your flowers thrive. No mess, hazards or smells. Safe for use around children and pets.",,
---,,,,
B0047CQ9YS,title,"Dr. Earth 701P Organic 2 Starter & Transplant Fertilizer Poly, 4-Pound",L1,Organic Fertilizer
https://www.amazon.com/dp/B0047CQ9YS,category_root,"Patio, Lawn & Garden",L2,Fertilizer
Dr. Earth,category_sub,Fertilizers & Plant Food,L3,Plant Food
,product_type,FERTILIZER,,
,bullet_points,"Produces remarkable results
Made with 100% organic and natural ingredients
Feeds for several months
Contains no GMOs, chicken manure or sewage sludge
For use on all plants
Contains pro-biotic, seven champion strains of beneficial soil microbes plus ecto and endo mycorrhizae
Exceptional results because nutrients are released quickly
Safe for all tender transplants e.g. Pony pack and 4-inch containers
Eight select strains of ecto and endo mycorrhizae contribute to drought tolerance, enhanced nutrient availability and increased plant performance
Provides optimum levels of essential plant nutrients; eliminates the need for chemical fertilizers when used as directed",,
,description,"DR EARTH 701P Root Zone Starter Fertilizer 4 Pound 2-4-2 produces remarkable results. Nutrients are quickly released and continue to feed for several months. Builds soil health. Promotes disease resistance and assists the growth of superior plants every time. Contains no GMOs, chicken manure or sewage sludge, 100% organic and natural ingredients. People and pet safe.",,
---,,,,
B01N3NGFTT,title,Dr. Earth 72855 1 lb 4-6-2 MINIS Total Advantage Rose and Flower Fertilizer,L1,Rose and Flower Fertilizer
https://www.amazon.com/dp/B01N3NGFTT,category_root,"Patio, Lawn & Garden",L2,Fertilizer
Dr. Earth,category_sub,Fertilizers & Plant Food,L3,Plant Food
,product_type,FERTILIZER,,
,bullet_points,"100% organic & natural hand crafted blend
Ideal for all flowering plants-English teas, hybrid teas, climbing roses, miniature roses, perennials, annuals
No GMOs, chicken manure, sewage sludge (""Bio solids"") to taint the cleanliness or safety of our handcrafted blend
Contains
Misapply Certified-the independent seal of approval that guarantees is in our fertilizer",,
,description,Dr. Earth 72855 1 lb 4-6-2 MINIS Total Advantage Rose and Flower Fertilizer,,
---,,,,
B06XCHC1WB,title,Jobes 06528 Organics All Purpose Fertilizer Spikes 4-4-4 50 Count,L1,Fertilizer Spikes
https://www.amazon.com/dp/B06XCHC1WB,category_root,"Patio, Lawn & Garden",L2,Fertilizer
Jobes,category_sub,Fertilizers & Plant Food,L3,Plant Food
,product_type,FERTILIZER,,
,bullet_points,"Organic fertilizer spikes; Time release fertilizer; Pre-measured to provide plants with nourishment at their roots
OMRI listed for organic gardening by USDA; Certified organic means no synthetic chemicals
Contains Jobe's Biozome...the proprietary microorganism archaea that aggressively breaks down material for faster results
No mess easy to use spikes; Prevents waste and run-off; Guaranteed analysis: (4-4-4) 50 spikes in resealable bag
Packaging may vary",,
,description,Jobes 06528 Organics All Purpose Fertilizer Spikes 4-4-4 50 Count,,
---,,,,
B01MTMKZXF,title,Dr. Earth 71115 1 lb 2-4-2 MINIS Root Zone Starter Fertilizer,L1,Root Zone Starter Fertilizer
https://www.amazon.com/dp/B01MTMKZXF,category_root,"Patio, Lawn & Garden",L2,Fertilizer
Dr. Earth,category_sub,Fertilizers & Plant Food,L3,Plant Food
,product_type,FERTILIZER,,
,bullet_points,"100% organic & natural hand crafted blend
Providing balanced and fast nutrition for transplants. Feeds all vegetables, trees, shrubs, all plants in early vegetative stages of growth
No GMOs, chicken manure, sewage sludge (""Bio solids"") to taint the cleanliness or safety of our handcrafted blend
Misapply Certified-the independent seal of approval that guarantees is in our fertilizer",,
,description,Dr. Earth 71115 1 lb 2-4-2 MINIS Root Zone Starter Fertilizer,,
---,,,,
B01MTMKWLI,title,"Dr. Earth Organic & Natural MINI Acid Lover Azalea, Camellia, Rhododendron & Maple Fertilizer ( 1 lb",L1,Acid Lovers Fertilizer
https://www.amazon.com/dp/B01MTMKWLI,category_root,"Patio, Lawn & Garden",L2,Fertilizer
Dr. Earth,category_sub,Fertilizers & Plant Food,L3,Plant Food
,product_type,FERTILIZER,,
,bullet_points,"The only non-GMO project verified fertilizer in the U.S.A.
People & pet Safe - no synthetic chemicals, GMO infested chicken manure or toxic ingredients.
Handcrafted from human and feed grade ingredients. Enriched with multi-minerals, proteins, carbohydrates, humic acids & trace elements that promote the healthiest soils capable of growing the beautiful acid loving plants.
Organic transparency; OMRI (organic material review Institute), oim (organic input materials), CCOF (California certified organic farmers), nop (national organic program) and non-GMO project verified the highest level of purity and transparency.
Sustainably made in the U.S.A. Through a collaboration of high level enviornmentalists inspired to positively change the world. Formulated by Milo shammas, founder of Dr. Earth, to grow home grown foods.",,
,description,"Acid lovers fertilizer is formulated to feed all acid loving plants in planting environments. Both summer & winter plants, in containers or in backyard soil. It can be used during initial planting starting or direct transplanting, or to feed on a regular basis as plants grow. Probiotic inside. Living fertilizer. Probiotic is alive with probiotic beneficial soil microbes & mycorrhizae. It is infused with a broad spectrum biological inoculant that results in greater adaptability & viability success. Probiotic renews & restarts tired soils. It starts new soils with life purely & naturally",,
---,,,,
B01MQI30LS,title,Dr. Earth 70857 1 lb MINIS Premium Gold All Purpose Fertilizer,L1,All Purpose Fertilizer
https://www.amazon.com/dp/B01MQI30LS,category_root,"Patio, Lawn & Garden",L2,Fertilizer
Dr. Earth,category_sub,Fertilizers & Plant Food,L3,Plant Food
,product_type,FERTILIZER,,
,bullet_points,"100% organic & natural hand crafted blend
Ideal for providing balanced and fast nutrition for all vegetables, flowers, bedding plants, potted plants, all trees, shrubs, annuals, and perennials
No GMOs, chicken manure, sewage sludge (""Bio solids"") to taint the cleanliness or safety of our handcrafted blend
Misapply Certified-the independent seal of approval that guarantees is in our fertilizer",,
,description,1 pound bag feeds 15 square feet or 20 one gallon plants,,
---,,,,
B00LEHQMEQ,title,Easy Gardener Vegetable Fertilizer Spikes,L1,Vegetable Fertilizer Spikes
https://www.amazon.com/dp/B00LEHQMEQ,category_root,"Patio, Lawn & Garden",L2,Fertilizer
Easy Gardener,category_sub,Fertilizers & Plant Food,L3,Fertilizers & Plant Food
,product_type,FERTILIZER,,
,bullet_points,"OMRI listed - approved for organic food production
Promotes beneficial microbial action where plants need it most - at the roots
Pre-measured spikes make for a fast, easy and mess-free fertilizing experience
Feeds up to 8 weeks
No mess easy to use spikes",,
,description,06028 Features: -Vegetable fertilizer spikes. -No mixing or measuring. -Spikes are the convenient way to transition to organic gardening. -Unique in the ground feeding is the most efficient delivery system for organics. Product Type: -Fertilizer. Dimensions: Overall Product Weight: -0.59 Pounds.,,
---,,,,
B000P0RMX8,title,CHARLOTTE PIPE 1 1/4 x 3/4 SCH 40 RED BUSHING SPGXFPT PRESSURE (1 Unit Piece),L1,PVC Bushing
https://www.amazon.com/dp/B000P0RMX8,category_root,Tools & Home Improvement,L2,Pipe Fitting
Charlotte Pipe,category_sub,"Multitools, Categories",L3,Hose Pipe Fitting
,product_type,HOSE_PIPE_FITTING,,
,bullet_points,"White fittings that are used in potable water applications only
Intended for pressure use
For use where systems will not exceed 140° F
PVC Schedule 40 Pipe and Pressure Fittings are used in irrigation, underground sprinkler systems, swim pools, outdoor applications and cold water supply lines
MADE IN THE USA: For over a century, Charlotte Pipe has been manufacturing pipe and fittings, employing more than 1,400 loyal, hard-working Americans. All of our products are proudly made in the USA.",,
,description,CHARLOTTE PIPE 1 1/4 x 3/4 SCH 40 RED BUSHING SPGXFPT PRESSURE (1 Unit Piece),,
---,,,,
B00G9IFCY6,title,"Halex, 1-1/4 in. Electrical Metallic Tube (EMT) Rain Tight Connectors , 62512, 1 per pack",L1,Raintight EMT Connector
https://www.amazon.com/dp/B00G9IFCY6,category_root,Industrial & Scientific,L2,Electrical Connector
Halex,category_sub,Pipe Fittings,L3,Pipe Fitting
,product_type,HOSE_PIPE_FITTING,,
,bullet_points,"Secures EMT conduit to a steel outlet box, load center or other metal enclosure in a wet location
Zinc-plated steel resists corrosion
Marked wet loc to help inspectors to determine that installation meets code
CSA and UL safety listings",,
,description,"In a wet setting, be sure to use 1-1/4 in. Raintight EMT Connectors to join EMT to a steel outlet box, load center or other metal enclosure. Their zinc plating fends off corrosion. These connectors meet UL and CSA requirements.",,
---,,,,
B000H5ZUOY,title,"UNITED STATES HDW BM0085 8"" 24GA Black Tee",L1,Black Tee
https://www.amazon.com/dp/B000H5ZUOY,category_root,Industrial & Scientific,L2,Pipe Fitting
Imperial,category_sub,Pipe Fittings,L3,Hose & Pipe Fittings
,product_type,HOSE_PIPE_FITTING,,
,bullet_points,"Manufactured in china
Easy to use
Highly durable",,
,description,"UNITED STATES HDW BM0085 8"" 24GA Black Tee",,
---,,,,
B0DXKQH636,title,"4Pcs Pipe Reamer Tool Kit PVC Fitting Saver Includes 1-1/2"", 2"", 3"", 4"" Reamers, Hub Saver Plumbing ",L1,Pipe Reamer Tool Kit
https://www.amazon.com/dp/B0DXKQH636,category_root,Industrial & Scientific,L2,Pipe Fitting Tool
GDDGHS,category_sub,Pipe Fittings,L3,Pipe Fittings
,product_type,HOSE_PIPE_FITTING,,
,bullet_points,"High-Quality Aluminum Alloy Material: This PVC pipe reamer is made through cnc high precision machining and is made of high strength, corrosion and rust resistant hard aluminum alloy for durability. It is the perfect durable tool for precise, reliable and long-lasting plumbing work on North American pipe sizes
Easy Operation: Designed for simplicity, This pipe reamer tool is a simple design that easily mounts to a 1/2 inch drill bit. When use, hold the reamer in the drill chuck, set the drill to low speed, and then align the pipe and begin drilling until the desired result is achieved. Note: For better results, we recommend adding water to the process to prevent overheating and to ensure a clean, melt-free cut!
Four Sizes Included: The 4-Piece pvc reamer kit contains four sizes of reamers, 1-1/2“, 2”, 3“ and 4”, and two Allen wrenches for a perfect fit on a wide range of pipe diameters
Save Time & Money with Efficiency: Quickly remove PVC, CPVC, or ABS pipe debris and cement residue to refurbish and reuse pipes so you don't have to replace your entire plumbing system. This reed socket saver tool cuts labor time and material costs, making it a smart, sustainable plumbing essential
Wide Application: Versatile 4-Piece pvc socket saver set for Every Plumbing Need: Ideal for cleaning PVC, CPVC, and ABS pipes, this kit handles hot/cold water lines, vents, drains, and more. A must-have for all plumbing projects",,
,description,—,,
---,,,,
B000BQKA5S,title,"Fernco P1059-44 Flexible PVC Coupling For 4"" Plastic Socket to Pipe Plumbing Connections",L1,Flexible PVC Coupling
https://www.amazon.com/dp/B000BQKA5S,category_root,Industrial & Scientific,L2,Coupling
Fernco,category_sub,Couplings,L3,Hose & Pipe Fittings
,product_type,HOSE_PIPE_FITTING,,
,bullet_points,"UNMATCHED QUALITY & PERFORMANCE: Built to last the life of the plumbing system, Fernco couplings are made from elastomeric polyvinyl chloride for a strong, leak-proof fitting that’s resistant to chemicals and sewer gases.
FLEXIBLE AND DURABLE: This flexibility helps to absorb vibrations, movements, or shifts in the ground, reducing stress on the pipes and minimizing the risk of damage or failure. For sewer and drain, waste and vent piping.
NO-MESS INSTALLATION: Fernco Couplings are easy to install without the hassle of messy primers, glues and their unwanted odors.
SPECS & CODES: Conforms to ASTM D5926, C1173. 300 stainless steel clamps are corrosion-resistant, rustproof and make installing quick and easy with just a screwdriver, nut driver or torque wrench.
TRUSTED & PREFERRED: Proudly manufactured in the United States.",,
,description,"Product Description

Fernco P1059-44 Flexible PVC Coupling For 4"" Plastic Socket to Pipe Plumbing Connections

From the Manufacturer

Established in 1964, Fernco is a global leader in manufacturing high-quality flexible pipe couplings, drainage, and plumbing systems. Renowned for exceptional performance and reliability, Fernco products are trusted by homeowners and professionals alike. With a commitment to innovation and dependability, Fernco has earned a strong reputation for delivering superior solutions. As a proud USA manufacturer, Fernco is dedicated to maintaining the highest standards of production and engineering.",,
---,,,,
B000KU8HVE,title,Charlotte Pipe Schedule 40 1-1/2 in. 3 in. Dia. x Hub Hub ABS DWV Coupling,L1,ABS DWV Coupling
https://www.amazon.com/dp/B000KU8HVE,category_root,Industrial & Scientific,L2,Pipe Fitting
Charlotte Pipe,category_sub,Pipes,L3,Pipes
,product_type,HOSE_PIPE_FITTING,,
,bullet_points,"Color: Black
End 1 Diameter: 1-1/2""
End 1 Type: Hub
End 2 Diameter: 3""
End 2 Type: Hub",,
,description,Charlotte Pipe Schedule 40 1-1/2 in. 3 in. Dia. x Hub Hub ABS DWV Coupling,,
---,,,,
B003N534X4,title,"Amerimax 37064 Transition Elbow, Vinyl, White",L1,Transition Elbow
https://www.amazon.com/dp/B003N534X4,category_root,Tools & Home Improvement,L2,Elbow
Amerimax Home Products,category_sub,Elbows,L3,Hose & Pipe Fittings
,product_type,HOSE_PIPE_FITTING,,
,bullet_points,This downspout has a white color to match your home and the 8 in length offers versatility to fit your needs,,
,description,"Amerimax Transition Elbow, Gutter Type: K-Style, Vinyl, White, Dimensions: 2 in W x 3 in D",,
---,,,,
B000BQRFGK,title,"FERNCO PQT-300 Qwik Tee, 3""",L1,Qwik Tee
https://www.amazon.com/dp/B000BQRFGK,category_root,Industrial & Scientific,L2,Pipe Fitting
Fernco,category_sub,Pipe Fittings,L3,Plumbing Supplies
,product_type,HOSE_PIPE_FITTING,,
,bullet_points,"VERSATILE: Quickly create and connect branch lines of varying sizes or access points for cleanouts
UNMATCHED QUALITY & PERFORMANCE: Built to last the life of the plumbing system, Fernco Qwik Tees are made from elastomeric polyvinyl chloride for a strong, leak-proof fitting that’s resistant to chemicals and sewer gases.
FLEXIBLE FIT: To choose the right Fernco Coupling, measure the outside diameter (OD) of your pipe. This Tee has an internal diameter (ID) of 3.38” and fits pipe ODs between 3.38"" - 2.50""
CONNECT VARIOUS PIPE TYPES: The Fernco QT-300 Qwik Tee is compatible with Plastic (PVC, ABS, CPVC, Smooth Wall HDPE), Cast Iron or Steel Pipe for a watertight joint. For sewer and drain, waste and vent piping.
NO-MESS INSTALLATION: Fernco caps are easy to install without the hassle of messy primers, glues and their unwanted odors.",,
,description,"Product Description

FERNCO PQT-300 Qwik Tee, 3""

From the Manufacturer

Established in 1964, Fernco is a global leader in manufacturing high-quality flexible pipe couplings, drainage, and plumbing systems. Renowned for exceptional performance and reliability, Fernco products are trusted by homeowners and professionals alike. With a commitment to innovation and dependability, Fernco has earned a strong reputation for delivering superior solutions. As a proud USA manufacturer, Fernco is dedicated to maintaining the highest standards of production and engineering.",,
---,,,,
B000LNQQTK,title,"Selkirk Metalbestos Black 266230 6-Inch 90 Elbow Matte, 6 Inch (Pack of 1)",L1,90-Degree Elbow Pipe Fitting
https://www.amazon.com/dp/B000LNQQTK,category_root,Tools & Home Improvement,L2,Pipe Fitting
Selkirk,category_sub,Ducting,L3,Hose & Pipe Fittings
,product_type,HOSE_PIPE_FITTING,,
,bullet_points,"Manufactured in china
Easy to use
Highly durable
Used to offset double wall stove pipe toward insulated chimney in a through the wall installation
Non-positional connection system allows 360-Degree rotation
Used to offset double wall stove pipe toward insulated chimney in a through the wall installation
Non-positional connection system allows 360-Degree rotation
Matte Black
90-Degree angle
6-Inch x 6-1/2-Inch x 5-29/32-Inch x 6-1/2-Inch x 9-Inch",,
,description,"Selkirk Metalbestos Black 266230 6-Inch 90 Elbow Matte, 6 Inch (Pack of 1)",,
---,,,,
B000A26WZ0,title,Raindrip PC8025B 25-Count 2 GPH Drippers,L1,Dripper
https://www.amazon.com/dp/B000A26WZ0,category_root,"Patio, Lawn & Garden",L2,Hose Fitting
Raindrip,category_sub,"Drippers, Categories",L3,Hose & Pipe Fittings
,product_type,HOSE_PIPE_FITTING,,
,bullet_points,"Drippers maintain their rated flow rate for 10-60 psi inlet pressure
Can be used at the end of 1/4 in tubing feeders or can be inserted directly into 1/2 in Raindrip hose
Ideal for light soil (sandy)
Drippers
For landscape and container plants
Drippers
For landscape and container plants
Maintains a constant flow rate even on hillsides or long circuits
Ideal for light soil and sand
Green base",,
,description,Raindrip PC8025B 25-Count 2 GPH Drippers,,
---,,,,
B00004WKXP,title,"Carlon E987E-CTN 3/4"" Non Metallic Conduit Body Type C",L1,Conduit Body
https://www.amazon.com/dp/B00004WKXP,category_root,Tools & Home Improvement,L2,Conduit Fitting
Thomas & Betts,category_sub,Conduit Fittings,L3,Hose & Pipe Fitting
,product_type,HOSE_PIPE_FITTING,,
,bullet_points,"Thomas & Betts/Carlon 3/4In Pvc C Conduit Body E987E-CTN
THOMAS & BETTS/CARLON",,
,description,For easy access and pulling of wires through conduit run. For use with Schedule 40/80 non-metallic solvent weld fittings. Will not rust or corrode. UL Listed.,,
---,,,,
B000UK0YQK,title,Nelson Hose Repair Clamp Connector Male Brass 855204-1001,L1,Hose Repair Clamp Connector
https://www.amazon.com/dp/B000UK0YQK,category_root,"Patio, Lawn & Garden",L2,Hose Mender
Nelson,category_sub,Parts & Connectors,L3,Hose Pipe Fitting
,product_type,HOSE_PIPE_FITTING,,
,bullet_points,"Crush resistant
Repairs 5/8"" and 3/4"" garden hoses
Industrial quality
Male repairs 5/8-inch & 3/4-inch garden hoses
Brass coupling and shank
Metal clamps with chip and rust-resistant powder-coat paint",,
,description,"Product Description

The lr nelson industrial hose repair clamp features a male end with a brass Coupling & shank. The clamp is designed to repair 5/8"" & 3/4"" garden hoses. 50520 features: -brass & metal hose repair. -Brass Coupling & shank. -Metal clamps with chip & rust resistant powder coat paint. Product type: -hose mender/repair. Dimensions: -repairs 0.63'' & 0.75'' garden hoses. Overall height - top to bottom: -4.75"". overall width - side to side: -6.5"". overall Depth - front to back: -2.75"". overall product weight: -0.3 lbs.

From the Manufacturer

The LR Nelson Industrial Hose Repair Clamp features a male end with a brass coupling and shank. The clamp is designed to repair 5/8-Inch and 3/4-Inch garden hoses.",,
---,,,,
B000XR1YM8,title,CHARLOTTE PIPE 1 x 3/4 SCH 40 REDUCER BUSHING SPGXFPT PRESSURE (1 Unit Piece),L1,Reducer Bushing
https://www.amazon.com/dp/B000XR1YM8,category_root,Tools & Home Improvement,L2,Pipe Fitting
Charlotte Pipe,category_sub,Multitools,L3,Hose & Pipe Fittings
,product_type,HOSE_PIPE_FITTING,,
,bullet_points,"White fittings that are used in potable water applications only
Intended for pressure use
For use where systems will not exceed 140° F
PVC Schedule 40 Pipe and Pressure Fittings are used in irrigation, underground sprinkler systems, swim pools, outdoor applications and cold water supply lines
MADE IN THE USA: For over a century, Charlotte Pipe has been manufacturing pipe and fittings, employing more than 1,400 loyal, hard-working Americans. All of our products are proudly made in the USA.",,
,description,CHARLOTTE PIPE 1 x 3/4 SCH 40 REDUCER BUSHING SPGXFPT PRESSURE (1 Unit Piece),,
---,,,,
B00EVAYGVE,title,"JT Manufacturing Bulkhead 1-1/2"" Thread x Slip, Black",L1,Bulkhead Fitting
https://www.amazon.com/dp/B00EVAYGVE,category_root,Industrial & Scientific,L2,Hose / Pipe Fitting
JT Manufactoring,category_sub,Bulkhead Fittings,L3,Industrial & Scientific
,product_type,HOSE_PIPE_FITTING,,
,bullet_points,"JT Manufacturing Bulkhead 1-1/2"" Thread x Slip
Hole Size: 2-3/8"" Schedule 40 Fittings are NSF Rated 61
Bulkheads come with both a nut and a gasket to effectively seal a point when connecting a project
Hex shaped body and nut for easy installation
These bulkhead fittings are made of Black ABS Plastic",,
,description,"Bulkhead Size: 1-1/2"". Hole Size: 2-3/8"". Flange Side Connection: Thread. Nut Side Connection: Slip.",,
---,,,,
B0015AUW2U,title,"Nelson Brass Hose Quick Connectors, Male, 2-Pack (853354-1001)",L1,Hose Quick Connectors
https://www.amazon.com/dp/B0015AUW2U,category_root,"Patio, Lawn & Garden",L2,Hose Fittings
Nelson,category_sub,"Parts & Connectors, Categories",L3,Garden Accessories
,product_type,HOSE_PIPE_FITTING,,
,bullet_points,"Fits standard garden hoses, outdoor faucets and watering products
All brass body
2 per-Package
Fits standard garden hoses, outdoor faucets and watering products
All brass body
2 per-Package
Fits standard garden hoses, outdoor faucets and watering products",,
,description,"Product Description

Nelson Brass Hose Quick Connectors, Male, 2-Pack (853354-1001)

From the Manufacturer

The LR Nelson Hose Quick Connectors make connecting garden hoses a breeze. Each-Pack comes with two connectors and are designed to fit standard garden hoses, outdoor faucets and watering products.",,
---,,,,
B000BQSX5W,title,"Selkirk Metalbestos 258240 DSP Chimney Pipe Adapter, 8 Inch",L1,Chimney Pipe Adapter
https://www.amazon.com/dp/B000BQSX5W,category_root,Tools & Home Improvement,L2,Pipe Fitting
Selkirk Sport,category_sub,Ducting,L3,Ducting
,product_type,HOSE_PIPE_FITTING,,
,bullet_points,"Stainless steel inner, double wall smoke pipe designed for superior venting and safety at reduced clearances
Fits major woodstove brands
Chimney pipe adapter
Adapts smoke pipe to class A chimney
Clearances are reduced to 8-Inch from combustibles
Chimney pipe adapter
Adapts smoke pipe to class A chimney
Clearances are reduced to 8-Inch from combustibles
Double wall stove pipe lasts significantly longer
High quality, scratch resistant Black finish",,
,description,"Stainless steel inner, double wall smoke pipe designed for superior venting and safety at reduced clearances. Fits major woodstove brands.",,
---,,,,
B01HZWFWPS,title,CHARLOTTE PIPE 1/2 SCH 40 COUPLING SXS CONTRACTOR PACK PRESSURE (10 Unit Bag),L1,PVC Coupling
https://www.amazon.com/dp/B01HZWFWPS,category_root,Industrial & Scientific,L2,Pipe Fitting
Charlotte Pipe,category_sub,Pipe Fittings,L3,Pipe
,product_type,HOSE_PIPE_FITTING,,
,bullet_points,"White fittings that are used in potable water applications only
Intended for pressure use
For use where systems will not exceed 140° F
PVC Schedule 40 Pipe and Pressure Fittings are used in irrigation, underground sprinkler systems, swim pools, outdoor applications and cold water supply lines
MADE IN THE USA: For over a century, Charlotte Pipe has been manufacturing pipe and fittings, employing more than 1,400 loyal, hard-working Americans. All of our products are proudly made in the USA.",,
,description,—,,
---,,,,
B00077PW7M,title,"Fernco P1056-315 Flexible PVC Reducing Coupling, Connects 3"" Pipe to 1-1/2""",L1,Flexible PVC Reducing Coupling
https://www.amazon.com/dp/B00077PW7M,category_root,Industrial & Scientific,L2,Pipe Fitting
Fernco,category_sub,Pipe Fittings,L3,Plumbing Supplies
,product_type,HOSE_PIPE_FITTING,,
,bullet_points,"UNMATCHED QUALITY & PERFORMANCE: Built to last the life of the plumbing system, Fernco couplings are made from elastomeric polyvinyl chloride for a strong, leak-proof fitting that’s resistant to chemicals and sewer gases.
NO-MESS INSTALLATION: Fernco Couplings are easy to install without the hassle of messy primers, glues and their unwanted odors.
SPECS & CODES: Conforms to ASTM D 5926, C 1173 CSA B602 and UPC. 300 stainless steel clamps are corrosion-resistant, rustproof and make installing quick and easy with just a screwdriver, nut driver or torque wrench.
TRUSTED & PREFFERED: Proudly manufactured in the United States.
RECOMMENDED USE: Rated for both Above and Below Ground use.
Stock coupling
Use to connect any two pipes
3.35-Inch x 1.91-Inch x 3.87-Inch",,
,description,"Product Description

Flexible PVC Reducing Coupling, Connects 3"" Pipe to 1-1/2""

From the Manufacturer

Established in 1964, Fernco is a global leader in manufacturing high-quality flexible pipe couplings, drainage, and plumbing systems. Renowned for exceptional performance and reliability, Fernco products are trusted by homeowners and professionals alike. With a commitment to innovation and dependability, Fernco has earned a strong reputation for delivering superior solutions. As a proud USA manufacturer, Fernco is dedicated to maintaining the highest standards of production and engineering.",,
---,,,,
B0F7F5FB51,title,2pcs 1-1/2Inch White 2-Way PVC Male Adapter Pipe Fittings (Slip to Male Thread) Coupling with 1.5-In,L1,PVC Male Adapter
https://www.amazon.com/dp/B0F7F5FB51,category_root,Industrial & Scientific,L2,Pipe Fitting
YGHSZ,category_sub,Pipe Fittings,L3,Plumbing Supplies
,product_type,HOSE_PIPE_FITTING,,
,bullet_points,"Product specification: These PVC male thread fittings are made of high-density PVC material, not only wear-resistant and corrosion-resistant, but also lighter than steel, with slip opening on one end and male threads on the other for connecting two pipes of different types
Easy to use: When installing, just use glue at the socket end and sealant tape at the thread end, so that the pipeline joint can be sealed without leakage
Wide application: This PVC pipe fitting adapter can be widely used in irrigation, underground sprinkler systems, swimming pools, plumbing connections for cold water supply lines and rainwater collection barrel systems
Package contains: 2pcs white 2-way PVC male adapters and 1pc 3meters sealing tape to meet your replacement needs
Buy with confidence: Socket to male thread pvc pipe fittings",,
,description,"Wide range of uses PVC Schedule 40 Pressure Fittings are ideal for use in irrigation. pool and spa. Fish tank.Greenhouse. Flower rack .Aquarium.Sprinkler system.Water farming. Industry water system.Water treatment plant.Spray system.Plant house.Potable water and Chilled water applications.Rv water pipe connection accessories. lntended for systems that will not exceed 140° F. Suitable for use indoors or outdoors. Perfect for DIY shelves. pool products.chairs. Desks. storage frames.garden support structure etc. used as edge.corner and center connections. Why choose us? It is made of PVC, which has excellent resistance to corrosion and scaling with high-tensile, high-impact strength and less weight than fittings made from metal. They are non-toxic, lightweight and easy to install and maintain. Installation requires the use of primer and solvent cement. They are also highly resilient. PVC Schedule 40 has better sound deadening qualities. Variety of products PVC fittings bring a lot of convenience to our lives,. Upgrade your plumbing works with high quality PVC fittings, golf course construction, commercial, agricultural and light industrial applications. smooth interior design.providing reliable and leak-free connections. Whether you are a professional plumber or a DIY enthusiast. this PVC pipe fitting is an essential part of your toolbox. with various sizes and pruduct to meet your life needs.",,
---,,,,
B000H5ROFM,title,CHARLOTTE PIPE 3/4 SCH 40/90 DEGREE STREET ELL MPTXFPT PRESSURE (1 Unit Piece),L1,90 Degree Street Elbow Fitting
https://www.amazon.com/dp/B000H5ROFM,category_root,Tools & Home Improvement,L2,Pipe Fitting
Charlotte Pipe,category_sub,Multitools,L3,Plumbing Supplies
,product_type,HOSE_PIPE_FITTING,,
,bullet_points,"White fittings that are used in potable water applications only
Intended for pressure use
For use where systems will not exceed 140° F
PVC Schedule 40 Pipe and Pressure Fittings are used in irrigation, underground sprinkler systems, swim pools, outdoor applications and cold water supply lines
MADE IN THE USA: For over a century, Charlotte Pipe has been manufacturing pipe and fittings, employing more than 1,400 loyal, hard-working Americans. All of our products are proudly made in the USA.",,
,description,CHARLOTTE PIPE 3/4 SCH 40/90 DEGREE STREET ELL MPTXFPT PRESSURE (1 Unit Piece),,
---,,,,
B0CV4SR64L,title,Heavy-Duty Lawn Roller - 17 Gallon/63 L Push/Tow Behind Water/Sand Filled Yard Roller with U Shaped ,L1,Lawn Roller
https://www.amazon.com/dp/B0CV4SR64L,category_root,"Patio, Lawn & Garden",L2,Lawn Care Equipment
Forcecar,category_sub,Manual Lawn Aerators,L3,"Patio, Lawn & Garden"
,product_type,LAWN_MOWER,,
,bullet_points,"Premium & Durable Material: Crafted of high-quality steel frame, the sod roller features high strength and great sturdiness for worry-free use. It maintains equipment balance and stability, reducing the risk of tilting or tipping during operation and ensuring safety.
17 Gallons Large Capacity: The turf roller is designed with a large capacity cylinder, holding up to 17 gallons of water or sand, which makes your work more efficient. And the filling port is equipped with a sealing plug to effectively prevent leakage.
Unique Design: U-Shaped Handle Can Be Comfortably Pulled And Pushed To Use, Compared With The Traditional Turf Compactor, This Body Is Simple To Build, No Power Design, Environmental Protection, No Pollution, No Noise. When not in use, it's easy to transport and can be conveniently hung in your garage or shed for storage.
Perfect Lawn Care Equipment: The push or pull design brings much convenience to breaking up the clumpy soil due to frost or cold weather, thus improving the flatness of the lawn surface. In addition to eliminating turf damage, the sod roller ensures an even spread of soil on the lawn or garden.
Wide Range of Applications: This tow-behind lawn roller's push-pull design makes it suitable for various scenarios, whether you need to roll in tight spaces or cover larger open areas. It's useful for compacting soil in frosty or cold weather, enhancing the smoothness of the lawn surface. In addition to preventing turf damage, it evenly spreads lawn or garden soil, making it suitable for lawns, gardens, farms, and large grassland parks.",,
,description,"Description:Turf pushing/dragging roller is very suitable for leveling uneven ground caused by moles or frost heaving, and it is also suitable for packing newly sown seed or turf. It can be filled with water or sand. The steel drum has rounded edges to get the best rolling effect, and the lawn will not be damaged when it rotates.』Notea. Rolling is not recommended when turfgrass is weak. b. Try to avoid high intensity rolling on wet soil to avoid soil slumping, which may affect the growth of turfgrass. c. On overly dry soil, avoid heavy rolling to prevent compaction of the lawn. d. It should be combined with management measures such as perforation, thinning and harrowing, fertilization and sand mulching.★With sealing plug to effectively prevent leakage★A fast and efficient way to keep your lawn aerated and healthy★Perfect tool for erasing lawn damage from moles and frostSpecifications:Color: BlackMain Material: SteelOverall Size: 36"" (L) X 12"" (W) X 43"" (H)Capacity: 17 Gallons/ 63 LNet weight: 29 lbsPackage includes:1 × Lawn Roller1 × Instructions",,
---,,,,
B0CJY5NMCS,title,"Biosp Lawn & Garden Spreader With Upgraded Side Clasps, 22.4-27.6"" Height Adjustable Handle, 24"" Wid",L1,Compost Spreader
https://www.amazon.com/dp/B0CJY5NMCS,category_root,"Patio, Lawn & Garden",L2,Lawn Spreader
biosp,category_sub,Spreaders,L3,Lawn & Garden Equipment
,product_type,LAWN_MOWER,,
,bullet_points,"【Premium Material】The biosp compost spreader adopts all-high-quality steel structure, which is sturdy and durable. Roller measures 15.7"" diameter x 24"" length, and the metal mesh finish is powder-coated and heat-treated to resist rust and corrosion. Plus the ergonomic rubber T-handle is non-slip and comfortable.
【Upgraded Side latches】biosp manure spreader is easy to assemble and quick to disassemble. Hinged door opens and closes easily for easy filling. The peat moss roller is designed with two of the latest side latches that will not be crushed during rolling on the lawn. The unique design ensures the basket remains closed during tipping and tumbling operations, making it durable and tidy.
【Spreading with Ease】With a 2.7 cubic foot capacity, topdressing is so efficient that you only need to go back and forth a few times. Spreading more efficiently and faster. It can spread a 1,000 square feet yard in 15 minutes. This prevents you from bending over for extended periods while working.
【Your Ideal Lawn Helper】The biosp Compost & Peat Moss Spreader is your go-to source for a lush, professional looking green lawn this season. This walk behind topdressing roller nurtures your grass by evenly distributing peat moss and soil across your yard, drastically reducing waste and saving money. Use this spreaders for lawns for compost, peatmoss, topsoil, topdressing, manure, mulch, dirt, greenery and so much more. The lawn you've always desired is now only a click away.
【Good Service】biosp compost spreader rollers are efficient, durable, designed and manufactured according to the highest industry standards, ensuring that you get the best quality products at the most affordable price. If you have any questions, please contact us first, our support team is on standby for YOU.",,
,description,"Specifications:
Material: Steel, Stainless Steel
Dimensions: 40""L x 23.6""W x 15.7""H
Expertly Spreads: Compost, Peat Moss, Manure, Top soil, and many more!

Features:
- The biosp compost spreader adopts all-high-quality steel structure, which is sturdy and durable.
- The ergonomic rubber T-handle is non-slip and comfortable.
- With a user-friendly design, the handle height can be adjusted to suit your needs, providing greater convenience during use.
- The peat moss roller is designed with two of the latest side latches that will not be crushed during rolling on the lawn.
- With a 2.70 cubic foot capacity, topdressing is so efficient that you only need to go back and forth a few times.
- Use this spreaders for lawns for compost, peatmoss, topsoil, topdressing, manure, mulch, dirt, greenery and so much more.",,
---,,,,
B0CBRMC1RG,title,"Jenified 36""x12"" Lawn Roller Manual Tow-Behindwith U Shaped Handle Heavy-Duty Tow Behind Water/Sand ",L1,Lawn Roller
https://www.amazon.com/dp/B0CBRMC1RG,category_root,"Patio, Lawn & Garden",L2,Landscaping Tool
Jenified,category_sub,Manual Lawn Aerators,L3,Lawn Care Equipment
,product_type,LAWN_MOWER,,
,bullet_points,"17 Gallons Large Capacity: The lawn roller comes with a large capacity filling port that can hold up to 17 gallons of water or sand to increase its own weight, helping you get the job done more efficiently. Moreover, there is a drainage plug at the side of the drum for easy filling and emptying. Dimension:36"" x 12"" x 43"" (L x D x H) .Net weight: 30 lbs.
Ergonomic Design：The ergonomic U-shaped handle is convenient and labor-saving to push and pull, which helps to roll in all directions in narrow area. The push or pull design brings much convenience to breaking up the clumpy soil due to frost or cold weather, thus improving the flatness of the lawn surface.
Premium & Durable Material：Made of premium and high-strength steel frame, this lawn roller is very sturdy and hard to dent. The surface is coated with anti-rust paint to prevent fading, weather damage, ensuring long term outdoor use.
Easy Storage & Transportation: The lawn roller is convenient to transport to anywhere as needed when it is empty. In addition, it can be hung in the garage or shed for easy storage, which takes up less space at the same time.
Note：Due to manual measurement, there may be a measurement error of 3-5 cm. Be careful to stay away from children. If you have any questions, you can contact us to solve them for you.",,
,description,"Let’s make Your Dream Lawn !

Sturdy Support.

Adjustable Handle Design.

Easy and Labor Saving.

Convenient to Install.

Rollers now feature a new drum plug design, making filling and emptying your roller quicker and easier than ever.

The rounded drum ends help avoid damage to your lawn during turns, while the metal scraper bar above the drum keeps the roller free from debris while rolling.

The lawn roller allows adding water or sand, approx weight 155 lbs / volume 17 gallons when filled with water ideal for flattening uneven ground caused or packing down newly sown seed or sod.

Removable drain plug makes it easy to pour out water and sand. The lawn roller works well with tractors on a spacious lawn, and for narrow lawns only push and pull the drum manually.",,
---,,,,
B0CH9T5K39,title,"DIYTUNINGS Lawn Roller 17 Gallon, 63L-Capacity Sand/Water Filled, Manual & Tow-Behind Steel Garden D",L1,Lawn Roller
https://www.amazon.com/dp/B0CH9T5K39,category_root,"Patio, Lawn & Garden",L2,Lawn Care Equipment
DIYTUNINGS,category_sub,Manual Lawn Aerators,L3,"Patio, Lawn & Garden"
,product_type,LAWN_MOWER,,
,bullet_points,"Premium Material: Made of premium and high-strength steel frame, this lawn roller is very sturdy and hard to dent. The surface is coated with anti-rust paint to prevent fading, weather damage, ensuring long term outdoor use.
17 Gallon Large Capacity: The turf roller is designed with a large capacity cylinder, holding up to 17 gallons of water or sand, which makes your work more efficient. And the filling port is equipped with a sealing plug to effectively prevent leakage. Removable drain plug makes it easy to pour out water and sand.
Humanized Design: The ergonomic U-shaped handle provides convenient and labor-saving push and pull, contributing to all-round rolling in a narrow area. The rounded drum ends help avoid damage to your lawn during turns, while the metal scraper bar above the drum keeps the roller free from debris while rolling.
Multipurpose & Convenient Use: Convenient push or pull design provides versatility for rolling tight areas or larger open spaces. Perfect tool for erasing lawn damage from moles and frost, or packing down loose dirt, seed, or sod, thus improving the quality of your lawn.
Easy to Store & Transport: Lightweight lawn rollers are easy to transport when it is empty. You can simply drain and hang this compact roller in your garage or shed to take up minimal space after finishing rolling your lawn.",,
,description,"Premium Material: Made of premium and high-strength steel frame, this lawn roller is very sturdy and hard to dent. The surface is coated with anti-rust paint to prevent fading, weather damage, ensuring long term outdoor use.
17 Gallon Large Capacity: The turf roller is designed with a large capacity cylinder, holding up to 17 gallons of water or sand, which makes your work more efficient. And the filling port is equipped with a sealing plug to effectively prevent leakage. Removable drain plug makes it easy to pour out water and sand.
Humanized Design: The ergonomic U-shaped handle provides convenient and labor-saving push and pull, contributing to all-round rolling in a narrow area. The rounded drum ends help avoid damage to your lawn during turns, while the metal scraper bar above the drum keeps the roller free from debris while rolling. Multipurpose & Convenient Use:
Convenient push or pull design provides versatility for rolling tight areas or larger open spaces. Perfect tool for erasing lawn damage from moles and frost, or packing down loose dirt, seed, or sod, thus improving the quality of your lawn.
Easy to Store & Transport: Lightweight lawn rollers are easy to transport when it is empty. You can simply drain and hang this compact roller in your garage or shed to take up minimal space after finishing rolling your lawn.",,
---,,,,
B0C9ZF8BZV,title,Yeeoy Lawn Roller 17 Gallon/63L Push/Pull Yard Sod Roller with U Shaped Handle for Garden Park Backy,L1,Lawn Roller
https://www.amazon.com/dp/B0C9ZF8BZV,category_root,"Patio, Lawn & Garden",L2,Lawn Care Equipment
Yeeoy,category_sub,Manual Lawn Aerators,L3,"Patio, Lawn & Garden"
,product_type,LAWN_MOWER,,
,bullet_points,"17 Gallons Large Capacity - This lawn roller is designed with a large-capacity cylinder that can hold up to 17 gallons of water or sand. By adding its own weight, the garden lawn roller helps your job done more efficiently. And the filling port is equipped with a sealing plug to effectively prevent leakage.
Durable Construction - Made of premium and high-strength steel frame, this lawn roller is very sturdy and hard to dent. The surface is coated with spray-treated to prevent rust and not easy to be sunken, ensuring long term outdoor use.
Thoughtful Design - The ergonomic U-shaped handle provides convenient and labor-saving push and pull, contributing to all-round rolling in a narrow area. The rounded edges ensure smooth turns without damaging the lawn while the scraper bar prevents accumulation of debris and soil.
Easy to Storage - The lawn rollers are lightweight for easy transport when it is empty. When you're finished rolling your lawn, simply drain and hang this compact roller in your garage or shed to occupy minimal space.
Convenient Use - Convenient push or pull design provides versatility for rolling tight areas or larger open spaces. Perfect tool for erasing lawn damage from moles and frost, or packing down loose dirt, seed, or sod, thus improving the flatness of the lawn surface and the quality of your lawn.",,
,description,"Yeeoy Lawn Roller 17 Gallon/63L Push/Pull Yard Sod Roller with U Shaped Handle for Garden Park Backyard Farm Ball Field Tow Behind Water Sand Filled Sod Drum Roller Black.

Features:

Overall Size: 36"" (L) X 12"" (W) X 43"" (H). Capacity: 17 Gallons/ 63 L. Color: Black. Main Material: Steel.
The lawn roller can be filled with water or sand for flattening uneven ground caused or packing down newly sown seed or sod. The steel drum has rounded edges to get the best rolling effect, and the lawn will not be damaged when it rotates. Removable drain plug makes it easy to pour out water and sand.
After seeding,our rolling helps speed up germination by ensuring that seeds make contact with soil. The combination push or tow behind design provides versatility and convenience for rolling both tight areas and open spaces. While made of steel material, the rolling is lightweight so that you can store and transport it easily.
This practical lawn roller solves the problem of soil clumping caused by cold weather or frost and improves the smoothness of the lawn surface. In addition to eliminating turf damage, the sod roller ensures an even spread of soil on the lawn or garden. Whether it is a home lawn or a commercial lawn, it is a great garden tool. You can save time and effort , Achieve a perfect lawn with minimal effort.",,
---,,,,
B0CFXYMRNS,title,DIYTuning Heavy-Duty Lawn Roller 17 Gallon/63 L Push/Tow Behind Water/Sand Filled Steel Yard Sod Dru,L1,Lawn Roller
https://www.amazon.com/dp/B0CFXYMRNS,category_root,"Patio, Lawn & Garden",L2,Lawn Care Equipment
DIYTUNINGS,category_sub,Manual Lawn Aerators,L3,"Patio, Lawn & Garden"
,product_type,LAWN_MOWER,,
,bullet_points,"【Premium Material】Made of premium and high-strength steel frame, this lawn roller is very sturdy and hard to dent. The surface is coated with anti-rust paint to prevent fading, weather damage, ensuring long term outdoor use.
【17 Gallon Large Capacity】The turf roller is designed with a large capacity cylinder, holding up to 17 gallons of water or sand, which makes your work more efficient. And the filling port is equipped with a sealing plug to effectively prevent leakage. Removable drain plug makes it easy to pour out water and sand.
【Humanized Design】The ergonomic U-shaped handle provides convenient and labor-saving push and pull, contributing to all-round rolling in a narrow area. The rounded drum ends help avoid damage to your lawn during turns, while the metal scraper bar above the drum keeps the roller free from debris while rolling.
【Multipurpose & Convenient Use】Convenient push or pull design provides versatility for rolling tight areas or larger open spaces. Perfect tool for erasing lawn damage from moles and frost, or packing down loose dirt, seed, or sod, thus improving the quality of your lawn.
【Easy to Store & Transport】Lightweight lawn rollers are easy to transport when it is empty. You can simply drain and hang this compact roller in your garage or shed to take up minimal space after finishing rolling your lawn.",,
,description,"【Premium Material】Made of premium and high-strength steel frame, this lawn roller is very sturdy and hard to dent. The surface is coated with anti-rust paint to prevent fading, weather damage, ensuring long term outdoor use.
【17 Gallon Large Capacity】The turf roller is designed with a large capacity cylinder, holding up to 17 gallons of water or sand, which makes your work more efficient. And the filling port is equipped with a sealing plug to effectively prevent leakage. Removable drain plug makes it easy to pour out water and sand.
【Humanized Design】The ergonomic U-shaped handle provides convenient and labor-saving push and pull, contributing to all-round rolling in a narrow area. The rounded drum ends help avoid damage to your lawn during turns, while the metal scraper bar above the drum keeps the roller free from debris while rolling.
【Multipurpose & Convenient Use】Convenient push or pull design provides versatility for rolling tight areas or larger open spaces. Perfect tool for erasing lawn damage from moles and frost, or packing down loose dirt, seed, or sod, thus improving the quality of your lawn.
【Easy to Store & Transport】Lightweight lawn rollers are easy to transport when it is empty. You can simply drain and hang this compact roller in your garage or shed to take up minimal space after finishing rolling your lawn.",,
---,,,,
B002YONAFC,title,Good Vibrations Grass Hawk Ultimate Mower Cleaning Tool - Lawn Mower Dual Blade Deck Scraper - Clean,L1,Mower Cleaning Tool
https://www.amazon.com/dp/B002YONAFC,category_root,"Patio, Lawn & Garden",L2,Lawn Care Tool
Good Vibrations,category_sub,Blades,L3,Lawn & Garden Equipment
,product_type,LAWN_MOWER,,
,bullet_points,"SWITCH FROM BLADE TO BLADE TOOL - Our Mower Cleaning Tool is designed with an easy grip handle, allowing you to switch from the curved blade, to the flat blade, allowing you to clean all areas under your mower deck.
SIMPLE & CONVENIENT KNOB - The knob attached to the Mower Cleaning Tool simply rotates the blade. It is even adaptable. Attach to an extension to clean under lawn tractors. Can operate using one hand.
EASIER WAY TO CLEAN YOUR DECK - Clean your deck with no hassle! Removes the built up from the mower deck. Its straight, or curved edges are designed to clean all the surfaces.
VERSATILE SHIELD FOR PROTECTION AGAINST BUILD UP - Protect your lawn mower from rust, dirt, and grass with our Mower Cleaning Tool. Great for preventing build up.
ATTACH EXTENSION POLE TO KNOB FOR DEEPER CLEANING - Adding the extension pole allows easy cleaning through the tube, removing harmful debris from your tractor, which will increase performance, and deck life.",,
,description,The Grass Hawk from Good Vibrations is the ultimate mower cleaner. It has 2 blades in 1.� You can use flat or curved to get all the spots under your mower deck.� There is a simple pivot quick-knob to rotate the blade.� It is even adaptable to be used with an extension pole for bigger lawn tractors.� It has a comfortable easy grip handle for ease of use as well.,,
---,,,,
B00AT9Y210,title,RollerLite 3FOAMFD/6 3-Inch Roller Lite Slim Trimmer/Doors and Trim Refill,L1,Foam Mini Roller
https://www.amazon.com/dp/B00AT9Y210,category_root,Tools & Home Improvement,L2,Paint Roller
Quali-Tech,category_sub,"Paint Rollers, Categories",L3,Painting Tools
,product_type,LAWN_MOWER,,
,bullet_points,"Product Description A double refill pack of the 3"" Hi-density foam mini rollers.
These mini rollers are great for a variety of tasks, painting cabinets, edges, furniture, doors, trim
Great on smooth surfaces wood or metal.
Hi-density foam gives the smoothest paint film without spraying
For use with all water based paints and stains From the Manufacturer",,
,description,"Product Description

A double refill pack of the 3"" Hi-density foam mini rollers. These mini rollers are great for a variety of tasks, painting cabinets, edges, furniture, doors, trim and moldings even arts and crafts projects. Great on smooth surfaces wood or metal. Hi-density foam gives the smoothest paint film without spraying.Flat tip allows painter to get into corners. For use with all water based paints and stains

From the Manufacturer

A double refill pack of the 2"" Hi-density foam mini rollers. These mini rollers are great for a variety of tasks, cabinet edges, furniture door painting, trim and moldings even arts and crafts projects. Great on smooth surfaces wood or metal. Hi-density foam gives the smoothest paint film without spraying.Flat tip allows painter to get into corners. For use with all water based paints and stains.",,
---,,,,
B0DQ7Y225R,title,"Reykilor Lawn Roller, 17 Gallons/63 L Push Heavy-Duty Push Tow Behind Water Sand Filled Roller with ",L1,Lawn Roller
https://www.amazon.com/dp/B0DQ7Y225R,category_root,"Patio, Lawn & Garden",L2,Manual Lawn Aerators
Reykilor,category_sub,Manual Lawn Aerators,L3,"Patio, Lawn & Garden"
,product_type,LAWN_MOWER,,
,bullet_points,"Premium & Durable Material: Crafted of high-quality steel frame, the sod roller features high strength and great sturdiness for worry-free use. It maintains equipment balance and stability, reducing the risk of tilting or tipping during operation and ensuring safety
17 Gallons Large Capacity: The turf roller is designed with a large capacity cylinder, holding up to 17 gallons of water or sand, which makes your work more efficient. And the filling port is equipped with a sealing plug to effectively prevent leakage
Unique Design: U-Shaped Handle Can Be Comfortably Pulled And Pushed To Use, Compared With The Traditional Turf Compactor, This Body Is Simple To Build, No Power Design, Environmental Protection, No Pollution, No Noise. When not in use, it's easy to transport and can be conveniently hung in your garage or shed for storage
Perfect Lawn Care Equipment: The push or pull design brings much convenience to breaking up the clumpy soil due to frost or cold weather, thus improving the flatness of the lawn surface. In addition to eliminating turf damage, the sod roller ensures an even spread of soil on the lawn or garden
Wide Range of Applications: This tow-behind lawn roller's push-pull design makes it suitable for various scenarios, whether you need to roll in tight spaces or cover larger open areas. It's useful for compacting soil in frosty or cold weather, enhancing the smoothness of the lawn surface. In addition to preventing turf damage, it evenly spreads lawn or garden soil, making it suitable for lawns, gardens, farms, and large grassland parks",,
,description,"Description:
Turf pushing/dragging roller is very suitable for leveling uneven ground caused by moles or frost heaving, and it is also suitable for packing newly sown seed or turf. It can be filled with water or sand. The steel drum has rounded edges to get the best rolling effect, and the lawn will not be damaged when it rotates.
Note
a. Rolling is not recommended when turfgrass is weak.
b. Try to avoid high intensity rolling on wet soil to avoid soil slumping, which may affect the growth of turfgrass.
c. On overly dry soil, avoid heavy rolling to prevent compaction of the lawn.
d. It should be combined with management measures such as perforation, thinning and harrowing, fertilization and sand mulching.
With sealing plug to effectively prevent leakage
A fast and efficient way to keep your lawn aerated and healthy
Perfect tool for erasing lawn damage from moles and frost
Specifications:
Color: Black
Main Material: Steel
Overall Size: 36"" (L) X 12"" (W) X 43"" (H)
Capacity: 17 Gallons/ 63 L
Net weight: 29 lbs
Package includes:
√1 × Lawn Roller
√1 × Instructions",,
---,,,,
B0001O0B6S,title,Luster Leaf Dial Seed Sower 803,L1,Dial Seed Sower
https://www.amazon.com/dp/B0001O0B6S,category_root,"Patio, Lawn & Garden",L2,Seed Sower
Luster Leaf,category_sub,Flowers,L3,Gardening Tools
,product_type,PLANT_SEED,,
,bullet_points,"Dial seed sower
Easily vibrates garden seed to soil
Helps make straight rows
12 cards per clip strip
Evenly distributes seeds
Accomodates many seed sizes
Vibrates seed to soil
Helps make straight rows",,
,description,"Product Description

Luster Leaf 803 Rapiclip Dial Seed Sower (12 Pack)Luster Leaf 803 Rapiclip Dial Seed Sower (12 Pack) Features: Dial seed sower Easily vibrates garden seed to soil Helps make straight rows Carded 12 cards per clip strip. Luster Leaf's Dial Seed Sower provides for the even distribution of seeds with a convenient six-setting rotary dial for different seed sizes. Easily vibrates garden seed to soil. Helps make straight rows.

From the Manufacturer

Luster Leaf's Dial Seed Sower provides for the even distribution of seeds with a convenient six-setting rotary dial for different seed sizes. Easily vibrates garden seed to soil. Helps make straight rows.",,
---,,,,
B00D8N4DVI,title,Jiffy J4R25 Jiffy Pellets,L1,Plant Starter Pellets
https://www.amazon.com/dp/B00D8N4DVI,category_root,"Patio, Lawn & Garden",L2,Seed Starting Supplies
Plantation Prod.,category_sub,"Garden Soil, Plant Starter Pellets",L3,Gardening Supplies
,product_type,PLANT_SEED,,
,bullet_points,"COUNTRY OF ORIGIN US
Convenient no-mess way to start flower and vegetable seeds and cuttings
Canadian sphagnum peat Moss provides a rich high-quality growing environment
The clean, quick way to start a flower or vegetable garden
Eliminates root damage and transplant shock",,
,description,"With water, the patented Jiffy 7 Peat Pellet quickly becomes a self contained pot for starting seeds. Its design and formula create ideal root development. The quick, clean and very best approach for gardeners to guarantee their success. Each one contains weed free professional grade Canadian Sphagnum peat. Superior pellets go directly from a starter tray to Jiffy Transplant Kit or the ground with roots and pellet medium totally intact.",,
---,,,,
B01MEGANMY,title,Mini Microgreens Growing Kit - Salad Mix - Grow Your Own Organic Gourmet Micro Greens Indoors: Salad,L1,Microgreens Growing Kit
https://www.amazon.com/dp/B01MEGANMY,category_root,"Patio, Lawn & Garden",L2,Germination Kit
Mountain Valley Seed Company,category_sub,Germination Kits,L3,Plant Seeds
,product_type,PLANT_SEED,,
,bullet_points,"🌱 SALAD MIX (BROCCOLI, CABBAGE, ARUGULA, KALE, KOHLRABI) MINI-MICROGREENS KIT - Everything you need to grow microgreens indoors in about 10 days
🌱 EASY & FUN - These mini micro greens kits make a great gift or stocking stuffer.
🌱 EACH KIT INCLUDES - Growing Container, Humidity Lid, Pre-fertilized Soil Puck, Organic Seeds, Mist Sprayer, Detailed Instructions
🌱 CERTIFIED ORGANIC - Grow your own organic microgreens on your kitchen countertop - Certified Organic By OTCO
🌱 MOUNTAIN VALLEY SEED COMPANY BRAND - US based company and seeds backed by personalized customer service.",,
,description,—,,
---,,,,
B000NCYTK2,title,Dalen Gardeneer Season Starter – Early Season Insulated Plant Protector – Cold Weather Frost Guard -,L1,Plant Protector
https://www.amazon.com/dp/B000NCYTK2,category_root,"Patio, Lawn & Garden",L2,Plant Cover
Dalen,category_sub,Plant Covers,L3,Gardening Supplies
,product_type,PLANT_SEED,,
,bullet_points,"PLANT EARLY AND HARVEST LATE: Dalen plant protectors help keep tomato plants and vegetables growing strong even when there are freezing temperatures overnight. Allowing you more time to grow your crops and improve harvest potential.
VERSATILE: Our protectors can be used for all types of vined fruits and vegetables including tomatoes, peppers, cucumbers, melons, strawberries, squash, broccoli, and other early season favorites. Helps produce 2x the fruit 30-40 days earlier.
INNOVATIVE DESIGN: Our Multi-chambered configuration provides stability and root protection. Smarter, plant-friendly shape lets you plant up to 6 weeks earlier and harvest up to 6 weeks later to maximize fruit production.
HIGH QUALITY: Made from heavy-duty, reusable plastic to withstand harsh environments and provide insulation from the elements. Insulates to 16°F (-8.9°C)
MADE IN THE USA: Satisfaction guaranteed. As with all our products, we offer a money-back guarantee. If for any reason you are not happy with your purchase, reach out to us, and we will make it right.",,
,description,"Dalen Gardeneer Season Starter – Early Season Plant Protector – Cold Weather Frost Guard - Easy Fill Shape for Optimal Planting - 18"" x 17"" – Made in The USA",,
---,,,,
B07PDVSL9N,title,"SUPERLELE Glass Graduated Cylinder Set 10ml 25ml 50ml 100ml, Thick Glass Beaker Set 50ml 100ml 250ml",L1,Graduated Cylinder
https://www.amazon.com/dp/B07PDVSL9N,category_root,Industrial & Scientific,L2,Laboratory Glassware
SUPERLELE,category_sub,Cylinders,,
,product_type,GRADUATED_CYLINDER,,
,bullet_points,"Package contains: glass cylinders in 4 sizes (10/25/50/100ml), glass beakers in 3 sizes (50/100/250ml), and 2 glass droppers.
Products: cylinder and beaker are both made of 3.3 borosilicate glass (GG-17), graduated, laboratory grade glassware.Thick glass, acid and alkali resistant, with good stability.
Product features: Both the graduated cylinder and the beaker have tapered gates for easy liquid pouring.The graduated cylinder has stable base, and the scale is clear and easy to read.
Packed in thick EPE and carton to prevent damage during transportation.
A wide range of sizes, easy to clean. The best gift for experimenters, perfect for school projects, home labs , Halloween theme parties or science-themed birthday parties.",,
,description,—,,
---,,,,
B00B061GNS,title,"Pyrex 3022-100 Brand 3022 cylinder; 100 mL, pack of 1",L1,Graduated Cylinder
https://www.amazon.com/dp/B00B061GNS,category_root,Industrial & Scientific,L2,Cylinder
Pyrex,category_sub,Cylinders,L3,Lab Equipment
,product_type,GRADUATED_CYLINDER,,
,bullet_points,"To Contain
Single Metric Scale",,
,description,"To Contain. Single Metric Scale. Material: Glass Tolerance (mL): ±1.0 Graduation Interval (mL): 1 Capacity (mL): 100 Description: Pyrex 3022-100 Brand 3022 cylinder; 100 mL, pack of 1.",,
---,,,,
B0DVLWQ8J4,title,"United Scientific™ Plastic Graduated Cylinder, 250mL - Scientific Measuring Cylinder with Hexagonal ",L1,Graduated Cylinder
https://www.amazon.com/dp/B0DVLWQ8J4,category_root,Industrial & Scientific,L2,Cylinder
United Scientific,category_sub,Cylinders,L3,Laboratory Equipment
,product_type,GRADUATED_CYLINDER,,
,bullet_points,"Capacity of 250mL with raised (molded) graduations marked every 2mL and it has an accuracy of ± 5 ml at 20°C. Approximately 321mm (12.6"") tall and 46mm (1.8"") spout diameter
United Scientific polypropylene graduated cylinders are an economical way to accurately measure liquid volumes. Polypropylene (plastic) graduated cylinders are unbreakable and have excellent chemical resistance
Hexagonal base provides excellent stability to the cylider, and the tapered spout enables easy pouring of reagents.
Designed for use in professional laboratories, but is an ideal choice for science classrooms and household use",,
,description,"Our polypropylene one-piece measuring cylinders have raised graduations for easy readability. They are autoclavable and have excellent contact clarity. The hexagonal base provides excellent stability to the cylinder, and the tapered spout enables easy pouring of reagents",,
---,,,,
B0017UE9GS,title,"Graduated Cylinders, 1 Liter [ 1 Ea.]",L1,Graduated Cylinder
https://www.amazon.com/dp/B0017UE9GS,category_root,Industrial & Scientific,L2,Cylinder
,category_sub,Cylinders,L3,Lab Equipment
,product_type,GRADUATED_CYLINDER,,
,bullet_points,—,,
,description,"Sturdy, wide bases These polypropylene graduated cylinders have good clarity for easy measuring. Wide bases provide superior stability. Comes in packs of six, or an assorted set of all seven. Autoclavable.",,
---,,,,
B0F88DQCQJ,title,TN TDA Series Air Pneumatic Cylinder 10-200mm Stroke TN32x10 TN32x50 TN32x100 TN32x150 TN32x200 Doub,L1,Pneumatic Cylinder
https://www.amazon.com/dp/B0F88DQCQJ,category_root,Industrial & Scientific,L2,Cylinders
VCYJBPUV,category_sub,Cylinders,L3,Industrial Equipment
,product_type,GRADUATED_CYLINDER,,
,bullet_points,"Cylinders
Bore: 32mm
Stroke: 10/15/20/25/30/35/40/45/50/60/70/75/80/90/100/125/150/175/200mm
Port Size: PT1/8
The body of the cylinder is made of alloy with high strength which is non-deformed resistant to impact and abrasion.
Oil-bearing bearing life is longer better piston rod tightness suitable for long-term use.",,
,description,"Cylinders
Specification:
Product Name: Pneumatic Cylinder
Material: Aluminum Alloy
Model: TN32x10 TN32x15 TN32x20 TN32x25 TN32x30 TN32x35 TN32x40
TN32x45 TN32x50 TN32x60 TN32x70 TN32x75 TN32x80 TN32x90
TN32x100 TN32x125 TN32x150 TN32x175 TN32x200
Bore: 32mm
Stroke: 10/15/20/25/30/35/40/45/50/60/70/75/80/90/100/125/150/175/200mm
Port Size: PT1/8
Working Medium: Air
Package: 1pc Pneumatic Cylinder
Here are more TN pneumatic cylinder in stock. Please click the picture to find what you need.
The body of the cylinder is made of alloy with high strength which is non-deformed resistant to impact and abrasion.
Oil-bearing bearing life is longer better piston rod tightness suitable for long-term use.",,
---,,,,
B0F9147SK2,title,Double Rod TNJ Type Pneumatic Cylinde Bore 25 32mm Aluminum Alloy Stroke 10~200mm Air Cylinder Adjus,L1,Pneumatic Cylinder
https://www.amazon.com/dp/B0F9147SK2,category_root,Industrial & Scientific,L2,Cylinder
IBEAQCTCZ,category_sub,Cylinders,L3,Industrial Equipment
,product_type,GRADUATED_CYLINDER,,
,bullet_points,"Cylinders
Cylinder",,
,description,—,,
---,,,,
B07JX9N3K4,title,"Polypropylene Graduated Cylinder with Hex Base, 10ml Capacity, Case of",L1,Graduated Cylinder
https://www.amazon.com/dp/B07JX9N3K4,category_root,Industrial & Scientific,L2,Cylinders
GSC International,category_sub,Cylinders,L3,Industrial & Scientific
,product_type,GRADUATED_CYLINDER,,
,bullet_points,—,,
,description,—,,
---,,,,
B0F88B3J16,title,Pneumatic Guide Rail Precision Slide Cylinder HLQ25X10/20/30/40/50/75/100/125/150/AS/AF/A/BA/BF/B.(H,L1,Air Cylinder
https://www.amazon.com/dp/B0F88B3J16,category_root,Industrial & Scientific,L2,Cylinder
PORRZAJD,category_sub,Cylinders,L3,Industrial Equipment
,product_type,GRADUATED_CYLINDER,,
,bullet_points,—,,
,description,"Cylinders
Air Cylinders
Air Cylinders
Installation and use
1. Before the cylinder is piping the debris in the pipe must be removed to prevent the debris from entering the cylinder;
2. The medium used in the cylinder should be filtered by a filter element above 40 m before it can be used;
3. In a low temperature environment anti-freezing measures should be taken to prevent the moisture of the system clock from freezing;
4. If the cylinder is removed and not used for a long time pay attention to the surface anti-rust the inlet and exhaust ports should be equipped with dust blocking caps and the piston rod and moving parts should be coated with anti-rust oil.",,
---,,,,
B001CLQ2SK,title,"Kimax Class B Cylinders with Single Metric Scale, Red Stripe, Capac.: 50mL; Kimble No.: 20024D 50; S",L1,Graduated Cylinder
https://www.amazon.com/dp/B001CLQ2SK,category_root,Industrial & Scientific,L2,Cylinders
Fisher Scientific,category_sub,Cylinders,L3,Laboratory Equipment
,product_type,GRADUATED_CYLINDER,,
,bullet_points,—,,
,description,"USED VERY GOOD Kimax 20024D-50 Glass Class B Single-Scale Graduated Cylinder with Red Stripe, 50mL Capacity, 1mL Graduation Interval",,
---,,,,
B0F916YTVV,title,CJ1B Single Single-Acting Stainless Steel Mini Cylinder CJ1B 4-5/10/15/20 -SU4 Direct 4mm Tube Air P,L1,Mini Cylinder
https://www.amazon.com/dp/B0F916YTVV,category_root,Industrial & Scientific,L2,Cylinder
TJHDEPSDP,category_sub,Cylinders,L3,Industrial Equipment
,product_type,GRADUATED_CYLINDER,,
,bullet_points,"Cylinders
Cylinder",,
,description,—,,
---,,,,
