ASIN / Brand,Brand Name,Manufacturer,Sub-brand
B0DK5BR2KC,Farrme,—,—
https://www.amazon.com/dp/B0DK5BR2KC,,,
Farrme,,,
---,,,
B0CYGVC6L2,Huabrve,—,—
https://www.amazon.com/dp/B0CYGVC6L2,,,
Huabrve,,,
---,,,
B0DSVVXG9V,LuckySlycyc,—,—
https://www.amazon.com/dp/B0DSVVXG9V,,,
LuckySlycyc,,,
---,,,
B0BFFSV2XH,LEIMO KPARTS,—,—
https://www.amazon.com/dp/B0BFFSV2XH,,,
LEIMO KPARTS,,,
---,,,
B0DQS4RJ3N,KAKO,OEN,CUE
https://www.amazon.com/dp/B0DQS4RJ3N,,,
KAKO,,,
---,,,
B0F1D1L1ZL,Farrme,—,—
https://www.amazon.com/dp/B0F1D1L1ZL,,,
Farrme,,,
---,,,
B0FDK66VXC,Farrme,—,—
https://www.amazon.com/dp/B0FDK66VXC,,,
Farrme,,,
---,,,
B007CCHW3M,Hellwig,—,—
https://www.amazon.com/dp/B007CCHW3M,,,
Hellwig,,,
---,,,
B0CZRFZMWC,Farrme,—,—
https://www.amazon.com/dp/B0CZRFZMWC,,,
Farrme,,,
---,,,
B0CZRG5HNL,Farrme,—,—
https://www.amazon.com/dp/B0CZRG5HNL,,,
Farrme,,,
---,,,
B0D17T53QY,Farrme,—,—
https://www.amazon.com/dp/B0D17T53QY,,,
Farrme,,,
---,,,
B09TR685JD,Supvintor,OEN,—
https://www.amazon.com/dp/B09TR685JD,,,
Supvintor,,,
---,,,
B0FC5W8HZ5,Farrme,—,—
https://www.amazon.com/dp/B0FC5W8HZ5,,,
Farrme,,,
---,,,
B016ZUM3TO,MAHLE,—,MAHLE Original
https://www.amazon.com/dp/B016ZUM3TO,,,
MAHLE,,,
---,,,
B00BR2TUQU,CSF,—,—
https://www.amazon.com/dp/B00BR2TUQU,,,
CSF,,,
---,,,
B0F47G6XZT,Farrme,—,—
https://www.amazon.com/dp/B0F47G6XZT,,,
Farrme,,,
---,,,
B0D6BMPGBM,Farrme,—,—
https://www.amazon.com/dp/B0D6BMPGBM,,,
Farrme,,,
---,,,
B0DK5D5WCL,Farrme,—,—
https://www.amazon.com/dp/B0DK5D5WCL,,,
Farrme,,,
---,,,
B0DG93NBQV,Farrme,—,—
https://www.amazon.com/dp/B0DG93NBQV,,,
Farrme,,,
---,,,
B087PXJYRD,MTAW XEK,NAKAO,—
https://www.amazon.com/dp/B087PXJYRD,,,
MTAW XEK,,,
---,,,
B0DQH2C4MJ,LuckySlycyc,—,—
https://www.amazon.com/dp/B0DQH2C4MJ,,,
LuckySlycyc,,,
---,,,
B0F8NL9MLP,SZLYYDS,—,—
https://www.amazon.com/dp/B0F8NL9MLP,,,
SZLYYDS,,,
---,,,
B0FC5X6JSJ,Lucky Seven,—,—
https://www.amazon.com/dp/B0FC5X6JSJ,,,
Lucky Seven,,,
---,,,
B0DP6X2WK4,AZUNYYDS,—,—
https://www.amazon.com/dp/B0DP6X2WK4,,,
AZUNYYDS,,,
---,,,
B0F4ML8RQ5,LuckySlycyc,—,—
https://www.amazon.com/dp/B0F4ML8RQ5,,,
LuckySlycyc,,,
---,,,
B0C3C765MS,SZLYYDS,—,—
https://www.amazon.com/dp/B0C3C765MS,,,
SZLYYDS,,,
---,,,
B0F9NY4MFH,NAKAO,—,—
https://www.amazon.com/dp/B0F9NY4MFH,,,
NAKAO,,,
---,,,
B0F9TF118Y,CMOOD,—,—
https://www.amazon.com/dp/B0F9TF118Y,,,
CMOOD,,,
---,,,
B0FPQW4JQV,Lucky Seven,—,—
https://www.amazon.com/dp/B0FPQW4JQV,,,
Lucky Seven,,,
---,,,
B082GNPR2V,LIYYOO,—,—
https://www.amazon.com/dp/B082GNPR2V,,,
LIYYOO,,,
---,,,
B0DKSV63V2,LuckySlycyc,—,—
https://www.amazon.com/dp/B0DKSV63V2,,,
LuckySlycyc,,,
---,,,
B0DPHLY6GN,CALU LUKY,—,—
https://www.amazon.com/dp/B0DPHLY6GN,,,
CALU LUKY,,,
---,,,
B09ZPHR28X,NAKAAOSIK,—,—
https://www.amazon.com/dp/B09ZPHR28X,,,
NAKAAOSIK,,,
---,,,
B0BBZYFBPC,CALU LUKY,2.50-10 Inner Tubes,—
https://www.amazon.com/dp/B0BBZYFBPC,,,
CALU LUKY,,,
---,,,
B094ZP9HDV,BOOTOP PIN,—,—
https://www.amazon.com/dp/B094ZP9HDV,,,
BOOTOP PIN,,,
---,,,
B07H4NLNDB,TOPEMAI,—,—
https://www.amazon.com/dp/B07H4NLNDB,,,
TOPEMAI,,,
---,,,
B09DPJBWQG,CMOOD,OEN,—
https://www.amazon.com/dp/B09DPJBWQG,,,
CMOOD,,,
---,,,
B0DY76XXXH,LuckySlycyc,—,—
https://www.amazon.com/dp/B0DY76XXXH,,,
LuckySlycyc,,,
---,,,
B0D6FPFNKL,SZLYYDS,OEN,—
https://www.amazon.com/dp/B0D6FPFNKL,,,
SZLYYDS,,,
---,,,
B084CYTWRG,Rain-X,—,—
https://www.amazon.com/dp/B084CYTWRG,,,
Rain-X,,,
---,,,
B08MF1TD4T,AUTOBOO,—,—
https://www.amazon.com/dp/B08MF1TD4T,,,
AUTOBOO,,,
---,,,
B0DFMQ2BN4,Rain-X,—,Total Clear
https://www.amazon.com/dp/B0DFMQ2BN4,,,
Rain-X,,,
---,,,
B0CXPXZ9D7,Rain-X,—,—
https://www.amazon.com/dp/B0CXPXZ9D7,,,
Rain-X,,,
---,,,
B0DXW2QD38,Rain-X,—,Latitude
https://www.amazon.com/dp/B0DXW2QD38,,,Rain Repellent Technology
Rain-X,,,
---,,,
B00FADJ0T4,Trico,—,Exact Fit
https://www.amazon.com/dp/B00FADJ0T4,,,
Trico,,,
---,,,
B084D34KNZ,Rain-X,—,—
https://www.amazon.com/dp/B084D34KNZ,,,
Rain-X,,,
---,,,
B0DXW15G7R,Rain-X,—,Latitude
https://www.amazon.com/dp/B0DXW15G7R,,,
Rain-X,,,
---,,,
B0C63FR6LN,Rain-X,Illinois Tool Works,Latitude
https://www.amazon.com/dp/B0C63FR6LN,,,
Rain-X,,,
---,,,
B0C633GRGR,Rain-X,Illinois Tool Works,Latitude
https://www.amazon.com/dp/B0C633GRGR,,,
Rain-X,,,
---,,,
B0DFMN3L81,Rain-X,—,Total Clear
https://www.amazon.com/dp/B0DFMN3L81,,,
Rain-X,,,
---,,,
B084D64RXJ,Rain-X,—,—
https://www.amazon.com/dp/B084D64RXJ,,,
Rain-X,,,
---,,,
B0CXPW1JN1,Rain-X,—,—
https://www.amazon.com/dp/B0CXPW1JN1,,,
Rain-X,,,
---,,,
B0DXW1YYGF,Rain-X,—,Latitude
https://www.amazon.com/dp/B0DXW1YYGF,,,
Rain-X,,,
---,,,
B0DXW44F9P,Rain-X,—,Latitude
https://www.amazon.com/dp/B0DXW44F9P,,,
Rain-X,,,
---,,,
B0DXW4336R,Rain-X,—,Latitude
https://www.amazon.com/dp/B0DXW4336R,,,
Rain-X,,,
---,,,
B0DXW2CGHV,Rain-X,—,Latitude
https://www.amazon.com/dp/B0DXW2CGHV,,,
Rain-X,,,
---,,,
B0D685GBYY,Rain-X,—,—
https://www.amazon.com/dp/B0D685GBYY,,,
Rain-X,,,
---,,,
B0DXW2P236,Rain-X,—,Latitude
https://www.amazon.com/dp/B0DXW2P236,,,
Rain-X,,,
---,,,
B0C63FS8N4,Rain-X,Illinois Tool Works,—
https://www.amazon.com/dp/B0C63FS8N4,,,
Rain-X,,,
---,,,
B0CV3JQWJ5,RZGMTSPT,—,—
https://www.amazon.com/dp/B0CV3JQWJ5,,,
RZGMTSPT,,,
---,,,
B015PU0GHQ,Merdia,—,—
https://www.amazon.com/dp/B015PU0GHQ,,,
Merdia,,,
---,,,
B00RW87FTM,Lumitec,—,Nevis2
https://www.amazon.com/dp/B00RW87FTM,,,nevislt
Lumitec,,,
---,,,
B000BQY6LW,Perterson,—,—
https://www.amazon.com/dp/B000BQY6LW,,,
Perterson,,,
---,,,
B07S4NX86R,Zilla,—,—
https://www.amazon.com/dp/B07S4NX86R,,,
Zilla,,,
---,,,
B015PU0C4I,Merdia,—,—
https://www.amazon.com/dp/B015PU0C4I,,,
Merdia,,,
---,,,
B0D2DQLT9Q,RZGMTSPT,—,—
https://www.amazon.com/dp/B0D2DQLT9Q,,,
RZGMTSPT,,,
---,,,
B015PN71EY,Merdia,—,—
https://www.amazon.com/dp/B015PN71EY,,,
Merdia,,,
---,,,
B015PN6NKW,Merdia,—,—
https://www.amazon.com/dp/B015PN6NKW,,,
Merdia,,,
---,,,
B0D334Y2V5,RZGMTSPT,—,—
https://www.amazon.com/dp/B0D334Y2V5,,,
RZGMTSPT,,,
---,,,
B07GL37MD2,Hopkins Towing,Hoppy Products,—
https://www.amazon.com/dp/B07GL37MD2,,,
Hopkins Towing,,,
---,,,
B015PN80F8,Merdia,—,—
https://www.amazon.com/dp/B015PN80F8,,,
Merdia,,,
---,,,
B0BN9TBJQ9,LuckySlycyc,OEN,—
https://www.amazon.com/dp/B0BN9TBJQ9,,,
LuckySlycyc,,,
---,,,
B015PU07VQ,Merdia,—,—
https://www.amazon.com/dp/B015PU07VQ,,,
Merdia,,,
---,,,
B0D2D87WVN,RZGMTSPT,—,—
https://www.amazon.com/dp/B0D2D87WVN,,,
RZGMTSPT,,,
---,,,
B0C4F4QMDD,RZGMTSPT,—,—
https://www.amazon.com/dp/B0C4F4QMDD,,,
RZGMTSPT,,,
---,,,
B015PN87TW,Merdia,—,—
https://www.amazon.com/dp/B015PN87TW,,,
Merdia,,,
---,,,
B015PN8DU0,Merdia,—,—
https://www.amazon.com/dp/B015PN8DU0,,,
Merdia,,,
---,,,
B09GS818Z3,Lucas Oil,—,—
https://www.amazon.com/dp/B09GS818Z3,,,
Lucas Oil,,,
---,,,
B005IZ4QKM,Maxpower,—,—
https://www.amazon.com/dp/B005IZ4QKM,,,
Maxpower,,,
---,,,
B00DJ4FKWW,Valvoline,—,—
https://www.amazon.com/dp/B00DJ4FKWW,,,
Valvoline,,,
---,,,
B00065VGUC,3-IN-ONE,WD-40,—
https://www.amazon.com/dp/B00065VGUC,,,
3-IN-ONE,,,
---,,,
B098NB13NW,Gator parts,OEM Oil Fluid Pump,—
https://www.amazon.com/dp/B098NB13NW,,,
Gator parts,,,
---,,,
B001B14OFO,Valvoline,—,—
https://www.amazon.com/dp/B001B14OFO,,,
Valvoline,,,
---,,,
B09SQ7HP9N,LEIMO KPARTS,—,—
https://www.amazon.com/dp/B09SQ7HP9N,,,
LEIMO KPARTS,,,
---,,,
B002YL7SI0,STP,Armored Auto Group Sales Inc,—
https://www.amazon.com/dp/B002YL7SI0,,,
STP,,,
---,,,
B08L4KLQZV,BlueDEF,—,PLATINUM
https://www.amazon.com/dp/B08L4KLQZV,,,
BlueDEF,,,
---,,,
B086XH7HLD,Lucas Oil,—,—
https://www.amazon.com/dp/B086XH7HLD,,,
Lucas Oil,,,
---,,,
B01B8C589Q,Valvoline,—,Premium Blue
https://www.amazon.com/dp/B01B8C589Q,,,
Valvoline,,,
---,,,
