ASIN / Brand,Input Field,Input Value,Output Type,Entity
B0BZYCJK89,brand_name,Owala,entity,Owala
https://www.amazon.com/dp/B0BZYCJK89,product_data,—,entity,owala
Owala,,,entity,Owla
,,,entity,Oawla
,,,entity,Owalaa
,,,entity,FreeSip
,,,entity,freesip
,,,entity,FreSip
,,,entity,BlenderBottle
,,,entity,blenderbottle
---,,,,
B0BQPGJ9LQ,brand_name,JBL,entity,JBL
https://www.amazon.com/dp/B0BQPGJ9LQ,product_data,—,entity,jbl
JBL,,,entity,JLB
,,,entity,JBLl
,,,entity,JBLB
,,,entity,Vibe
,,,entity,vibe
,,,entity,Vibbe
,,,entity,Vieb
---,,,,
B0CJ4WZXQF,brand_name,Cisily,entity,Cisily
https://www.amazon.com/dp/B0CJ4WZXQF,product_data,—,entity,cisily
Cisily,,,entity,Cisly
,,,entity,Cisely
,,,entity,Cisliy
---,,,,
B0DSHWLXG6,brand_name,Jikasho,entity,Jikasho
https://www.amazon.com/dp/B0DSHWLXG6,product_data,—,entity,jikasho
Jikasho,,,entity,Jikaso
,,,entity,Jiaksho
,,,entity,Jikashoo
---,,,,
B0F42MT8JX,brand_name,Antarctic Star,entity,Antarctic Star
https://www.amazon.com/dp/B0F42MT8JX,product_data,—,entity,antarctic star
Antarctic Star,,,entity,Antartic Star
,,,entity,AntarcticStar
,,,entity,Antarctic Staar
,,,entity,Antarctic Sta
---,,,,
B0D6YNWLTS,brand_name,Pioneer Camp,entity,Pioneer Camp
https://www.amazon.com/dp/B0D6YNWLTS,product_data,—,entity,pioneer camp
Pioneer Camp,,,entity,Pioner Camp
,,,entity,PioneerCamp
,,,entity,PionerCamp
,,,entity,PioneerCmp
---,,,,
B000H3I2JG,brand_name,REVLON,entity,REVLON
https://www.amazon.com/dp/B000H3I2JG,product_data,—,entity,revlon
REVLON,,,entity,REVLN
,,,entity,REVOLN
,,,entity,REVLONN
,,,entity,ColorStay
,,,entity,colorstay
,,,entity,ColrStay
,,,entity,ColoStay
,,,entity,ColorStai
---,,,,
B08J8GZXKZ,brand_name,KitchenAid,entity,KitchenAid
https://www.amazon.com/dp/B08J8GZXKZ,product_data,—,entity,kitchenaid
KitchenAid,,,entity,KitcenAid
,,,entity,KichenAid
,,,entity,KitcheAid
,,,entity,Town & Country Living
,,,entity,town & country living
,,,entity,Town & Country Livng
,,,entity,Town & Country Livin
,,,entity,Town & Country Livng
---,,,,
B09LCKZBTW,brand_name,WEBACOO,entity,WEBACOO
https://www.amazon.com/dp/B09LCKZBTW,product_data,—,entity,webacoo
WEBACOO,,,entity,WABACOO
,,,entity,WEABCOO
,,,entity,WEBACO
,,,entity,Sachsen-Us
,,,entity,sachsen-us
,,,entity,SachsenUs
,,,entity,Sachsen-Usa
,,,entity,Sachsen-Usa
---,,,,
B077YYP739,brand_name,Transformers,entity,Transformers
https://www.amazon.com/dp/B077YYP739,product_data,—,entity,transformers
Transformers,,,entity,Transfrmers
,,,entity,Tranformers
,,,entity,Transfomers
,,,entity,Hasbro
,,,entity,hasbro
,,,entity,Hasbroo
,,,entity,Hasbrob
,,,entity,Hasbroe
---,,,,
B0BH98GL8Z,brand_name,Rx Crush,entity,RxCrush
https://www.amazon.com/dp/B0BH98GL8Z,product_data,—,entity,rxcrush
Rx Crush,,,entity,RxCrsh
,,,entity,RxCursh
,,,entity,RxCrus
,,,entity,Resolve Designs
,,,entity,resolvedesigns
,,,entity,Resolv Designs
,,,entity,Reslove Designs
---,,,,
B0CVQJY9C6,brand_name,Rx Crush,entity,Rx Crush
https://www.amazon.com/dp/B0CVQJY9C6,product_data,—,entity,rx crush
Rx Crush,,,entity,RxCrush
,,,entity,RxCrsh
,,,entity,Vesco Medical
,,,entity,vesco medical
,,,entity,VescoMedical
,,,entity,VescoMedcal
,,,entity,VescoMedicl
---,,,,
B0B5W8B389,brand_name,Rx Crush,entity,RxCrush
https://www.amazon.com/dp/B0B5W8B389,product_data,—,entity,rxcrush
Rx Crush,,,entity,RxCrsh
,,,entity,RxCursh
,,,entity,RxCrus
,,,entity,Resolve Designs
,,,entity,resolvedesigns
,,,entity,Resolv Designs
,,,entity,Reslove Designs
,,,entity,Resolv Desings
---,,,,
B0C9SPJ9ZQ,brand_name,Rx Crush,entity,RxCrush
https://www.amazon.com/dp/B0C9SPJ9ZQ,product_data,—,entity,rxcrush
Rx Crush,,,entity,RxCrsh
,,,entity,RxCursh
,,,entity,RxCrus
,,,entity,Resolve Designs
,,,entity,resolvedesigns
,,,entity,Resolv Designs
,,,entity,Reslove Designs
,,,entity,Resolv Desings
---,,,,
B0D1XD1ZV3,brand_name,Apple,entity,Apple
https://www.amazon.com/dp/B0D1XD1ZV3,product_data,—,entity,apple
Apple,,,entity,Aple
,,,entity,Appl
,,,entity,Applle
,,,entity,AirPods
,,,entity,airpods
,,,entity,AirPod
,,,entity,AirPdos
---,,,,
B07XYRS34W,brand_name,THERMOS,entity,THERMOS
https://www.amazon.com/dp/B07XYRS34W,product_data,—,entity,thermos
THERMOS,,,entity,THERMOS
,,,entity,THERMOS
,,,entity,THERMOS
,,,entity,ALTA
,,,entity,alta
,,,entity,ALTA
,,,entity,ALTA
,,,entity,ALTA
---,,,,
B0875RKTQF,brand_name,iOttie,entity,iOttie
https://www.amazon.com/dp/B0875RKTQF,product_data,—,entity,iottie
iOttie,,,entity,iOtti
,,,entity,iOtte
,,,entity,iOttii
,,,entity,Easy One Touch
,,,entity,easy one touch
,,,entity,Eazy One Touch
,,,entity,Easy One Tuch
---,,,,
B0DRDVV2GY,brand_name,The North Face,entity,The North Face
https://www.amazon.com/dp/B0DRDVV2GY,product_data,—,entity,the north face
The North Face,,,entity,TheNorthFace
,,,entity,Teh North Face
,,,entity,The Nroth Face
,,,entity,The North Fcae
---,,,,
B01N06UEH4,brand_name,OXO,entity,OXO
https://www.amazon.com/dp/B01N06UEH4,product_data,—,entity,oxo
OXO,,,entity,OXXO
,,,entity,OXo
,,,entity,OXOO
,,,entity,Good Grips
,,,entity,goodgrips
,,,entity,Goo Grips
,,,entity,Godd Grips
---,,,,
B00021VQJG,brand_name,Clinique,entity,Clinique
https://www.amazon.com/dp/B00021VQJG,product_data,—,entity,clinique
Clinique,,,entity,Clnique
,,,entity,Clinque
,,,entity,Clinque
,,,entity,Quickliner
,,,entity,quickliner
,,,entity,Quikliner
,,,entity,Quicklinr
---,,,,
B07JBJWP2W,brand_name,Frigidaire,entity,Frigidaire
https://www.amazon.com/dp/B07JBJWP2W,product_data,—,entity,frigidaire
Frigidaire,,,entity,Frigidare
,,,entity,Frigidair
,,,entity,Frigidaier
,,,entity,Curtis
,,,entity,curtis
,,,entity,Curtiss
,,,entity,Curits
,,,entity,Curtus
---,,,,
B0D4XRVG7H,brand_name,McFarlane Toys,entity,McFarlane Toys
https://www.amazon.com/dp/B0D4XRVG7H,product_data,—,entity,mcfarlane toys
McFarlane Toys,,,entity,McFarlaneToys
,,,entity,McFarlane Toy
,,,entity,McFarlaneToys
,,,entity,McFarlane
,,,entity,mcfarlane
,,,entity,McFarlne
,,,entity,McFarlene
,,,entity,McFarlnae
---,,,,
B0BLR15STT,brand_name,Lenox,entity,Lenox
https://www.amazon.com/dp/B0BLR15STT,product_data,—,entity,lenox
Lenox,,,entity,Lnox
,,,entity,Lenx
,,,entity,Lennox
---,,,,
B0DMSW3V8B,brand_name,Vesco Medical,entity,Vesco Medical
https://www.amazon.com/dp/B0DMSW3V8B,product_data,—,entity,vesco medical
Vesco Medical,,,entity,VescoMedical
,,,entity,Vesco Medcal
,,,entity,Vesco Medial
,,,entity,Vesco Medica
,,,entity,ENFIT
,,,entity,enfit
,,,entity,ENFT
,,,entity,ENFIt
---,,,,
B07C1JJQKH,brand_name,Big Red House,entity,Big Red House
https://www.amazon.com/dp/B07C1JJQKH,product_data,—,entity,big red house
Big Red House,,,entity,BigRedHouse
,,,entity,Big RedHouse
,,,entity,BigRed House
---,,,,
B0DF891X52,brand_name,MYHELP,entity,MYHELP
https://www.amazon.com/dp/B0DF891X52,product_data,—,entity,myhelp
MYHELP,,,entity,MYHEP
,,,entity,MYHLEP
,,,entity,MYHELPP
---,,,,
B0FS1JP2WV,brand_name,VAHOIALD,entity,VAHOIALD
https://www.amazon.com/dp/B0FS1JP2WV,product_data,—,entity,vahoiald
VAHOIALD,,,entity,VAHOIAD
,,,entity,VAHOIAL
,,,entity,VAHOIALDD
---,,,,
B0D1BBXCST,brand_name,Binmotor,entity,Binmotor
https://www.amazon.com/dp/B0D1BBXCST,product_data,—,entity,binmotor
Binmotor,,,entity,Bimnotor
,,,entity,Bintomor
,,,entity,Binmoter
,,,entity,Bimotor
---,,,,
B0D83SD1ZP,brand_name,SnailBread,entity,SnailBread
https://www.amazon.com/dp/B0D83SD1ZP,product_data,—,entity,snailbread
SnailBread,,,entity,SnailBreadd
,,,entity,SnailBred
,,,entity,SnialBread
,,,entity,SNAILBREAD
---,,,,
B0BYNPFQQ9,brand_name,LCWRGS,entity,LCWRGS
https://www.amazon.com/dp/B0BYNPFQQ9,product_data,—,entity,lcwrgs
LCWRGS,,,entity,LCRWGS
,,,entity,LCWRGSs
,,,entity,LCWRG
,,,entity,LCWRGSS
---,,,,
B0F4XFLDBP,brand_name,MiiKARE,entity,MiiKARE
https://www.amazon.com/dp/B0F4XFLDBP,product_data,—,entity,miikare
MiiKARE,,,entity,MiKARE
,,,entity,MiiKAREE
,,,entity,MiiKAR
,,,entity,MiiKARE
---,,,,
B0C795M7ZN,brand_name,YETI,entity,YETI
https://www.amazon.com/dp/B0C795M7ZN,product_data,—,entity,yeti
YETI,,,entity,YET
,,,entity,YETTI
,,,entity,YETIE
,,,entity,Rambler
,,,entity,rambler
,,,entity,Rambelr
---,,,,
B0D9R4GYTN,brand_name,Sony,entity,Sony
https://www.amazon.com/dp/B0D9R4GYTN,product_data,—,entity,sony
Sony,,,entity,Soni
,,,entity,Sny
,,,entity,Soney
,,,entity,Soni
---,,,,
B0DWX9HVK5,brand_name,Columbia,entity,Columbia
https://www.amazon.com/dp/B0DWX9HVK5,product_data,—,entity,columbia
Columbia,,,entity,Colmbia
,,,entity,Colubmia
,,,entity,Columbiaa
,,,entity,OMNI-HEAT
,,,entity,omni-heat
,,,entity,OMNI-SHIELD
,,,entity,omni-shield
,,,entity,TURBODOWN
,,,entity,turbodown
---,,,,
B07XYN2GFR,brand_name,Amazon Basics,entity,Amazon
https://www.amazon.com/dp/B07XYN2GFR,product_data,—,entity,amazon
Amazon Basics,,,entity,Amazn
,,,entity,Amzon
,,,entity,Aamzon
---,,,,
B08J8DT362,brand_name,KitchenAid,entity,KitchenAid
https://www.amazon.com/dp/B08J8DT362,product_data,—,entity,kitchenaid
KitchenAid,,,entity,KitcenAid
,,,entity,KichenAid
,,,entity,KitcheAid
,,,entity,Town & Country Living
,,,entity,town & country living
,,,entity,Town & Country Livng
,,,entity,Town & Contry Living
,,,entity,Town & Country Livin
---,,,,
B004BD0YI0,brand_name,L'Oreal Paris,entity,L'Oreal Paris
https://www.amazon.com/dp/B004BD0YI0,product_data,—,entity,l'oreal paris
L'Oreal Paris,,,entity,LOreal Paris
,,,entity,Loreal Paris
,,,entity,L'Oreal Pariss
,,,entity,Infallible
,,,entity,infallible
,,,entity,Infalible
,,,entity,Infallble
,,,entity,Infalliblle
---,,,,
B0107O5QR0,brand_name,Scotsman,entity,Scotsman
https://www.amazon.com/dp/B0107O5QR0,product_data,—,entity,scotsman
Scotsman,,,entity,Scotman
,,,entity,Scotsmn
,,,entity,Scotsmaan
---,,,,
B08P5FWPXG,brand_name,Godinger,entity,Godinger
https://www.amazon.com/dp/B08P5FWPXG,product_data,—,entity,godinger
Godinger,,,entity,Godingr
,,,entity,Godiner
,,,entity,Godingger
---,,,,
B00K5OLP1O,brand_name,NECA,entity,NECA
https://www.amazon.com/dp/B00K5OLP1O,product_data,—,entity,neca
NECA,,,entity,NCEA
,,,entity,NEAC
,,,entity,NECCA
---,,,,
B0DK1D6VCP,brand_name,GINOWY,entity,GINOWY
https://www.amazon.com/dp/B0DK1D6VCP,product_data,—,entity,ginowy
GINOWY,,,entity,GNOWY
,,,entity,GINWY
,,,entity,GINOWYY
---,,,,
B0C1T5RNCH,brand_name,MYHELP,entity,MYHELP
https://www.amazon.com/dp/B0C1T5RNCH,product_data,—,entity,myhelp
MYHELP,,,entity,MYHEP
,,,entity,MYHLEP
,,,entity,MYHEL
,,,entity,MYHELP
---,,,,
B08H5P91VJ,brand_name,BH SUPPLIES,entity,BH Supplies
https://www.amazon.com/dp/B08H5P91VJ,product_data,—,entity,bh supplies
BH SUPPLIES,,,entity,BHSupplies
,,,entity,B H Supplies
,,,entity,BH Suplies
,,,entity,BHSuplies
---,,,,
B0FY37Z5L7,brand_name,Krlun,entity,Krlun
https://www.amazon.com/dp/B0FY37Z5L7,product_data,—,entity,krlun
Krlun,,,entity,Krlan
,,,entity,Krlnu
,,,entity,Krlunn
,,,entity,YPC
,,,entity,ypc
,,,entity,YPCc
,,,entity,YPCP
,,,entity,YPCs
---,,,,
B0F37M8KN1,brand_name,OHIYO,entity,OHIYO
https://www.amazon.com/dp/B0F37M8KN1,product_data,—,entity,ohiyo
OHIYO,,,entity,OHIO
,,,entity,OHIY
,,,entity,OHIYOO
---,,,,
B0DB74W8BN,brand_name,FYY,entity,FYY
https://www.amazon.com/dp/B0DB74W8BN,product_data,—,entity,fyy
FYY,,,entity,FYYy
,,,entity,FYYy
,,,entity,FY
---,,,,
B0DWMLXBKS,brand_name,Marsflex,entity,Marsflex
https://www.amazon.com/dp/B0DWMLXBKS,product_data,—,entity,marsflex
Marsflex,,,entity,Marsfex
,,,entity,Marsfles
,,,entity,Marsfelx
,,,entity,Marsmotor
,,,entity,marsmotor
,,,entity,Marsmoter
,,,entity,Marsmootr
,,,entity,Marsmotorr
---,,,,
B08B6B62QZ,brand_name,Miracase,entity,Miracase
https://www.amazon.com/dp/B08B6B62QZ,product_data,—,entity,miracase
Miracase,,,entity,Mircase
,,,entity,Miracse
,,,entity,Miracasee
---,,,,
B09SQR5PJF,brand_name,Hydro Flask,entity,Hydro Flask
https://www.amazon.com/dp/B09SQR5PJF,product_data,—,entity,hydro flask
Hydro Flask,,,entity,HydroFlask
,,,entity,Hydro Flsk
,,,entity,Hydro Flsak
,,,entity,Hydro Flassk
,,,entity,Flex Sip
,,,entity,flex sip
,,,entity,Flx Sip
,,,entity,FlexSip
---,,,,
B0B7XV9QWD,brand_name,Patagonia,entity,Patagonia
https://www.amazon.com/dp/B0B7XV9QWD,product_data,—,entity,patagonia
Patagonia,,,entity,Patagoni
,,,entity,Pataonia
,,,entity,Patagonnia
,,,entity,Patagoinia
---,,,,
B07D5NCHHF,brand_name,Simple Houseware,entity,Simple Houseware
https://www.amazon.com/dp/B07D5NCHHF,product_data,—,entity,simple houseware
Simple Houseware,,,entity,SimpleHouseware
,,,entity,Simpel Houseware
,,,entity,Simple Housware
,,,entity,Simple Housware
---,,,,
B077SGV77B,brand_name,NewAir,entity,NewAir
https://www.amazon.com/dp/B077SGV77B,product_data,—,entity,newair
NewAir,,,entity,NewAirr
,,,entity,NewAri
,,,entity,NweAir
,,,entity,NewAri
---,,,,
B07GX7TD34,brand_name,MAYBELLINE,entity,MAYBELLINE
https://www.amazon.com/dp/B07GX7TD34,product_data,—,entity,maybelline
MAYBELLINE,,,entity,MAYBELINE
,,,entity,MAYBELIN
,,,entity,MAYBELLINEE
,,,entity,Maybelline New York
,,,entity,maybelline new york
,,,entity,Maybeline New York
,,,entity,Maybelline NewYork
,,,entity,Maybelline New Yrok
---,,,,
B0758PW7FM,brand_name,OXO,entity,OXO
https://www.amazon.com/dp/B0758PW7FM,product_data,—,entity,oxo
OXO,,,entity,OXXO
,,,entity,OXo
,,,entity,OXOO
---,,,,
B0BM52HXV2,brand_name,Mikasa,entity,Mikasa
https://www.amazon.com/dp/B0BM52HXV2,product_data,—,entity,mikasa
Mikasa,,,entity,Mkasa
,,,entity,Mikasa
,,,entity,Mikassa
,,,entity,Mikasa
,,,entity,Mikasa
,,,entity,Mikasa
,,,entity,Mikasa
,,,entity,Mikasa
---,,,,
B07SKQ53HY,brand_name,BD,entity,BD
https://www.amazon.com/dp/B07SKQ53HY,product_data,—,entity,bd
BD,,,entity,B D
,,,entity,BDd
,,,entity,DB
---,,,,
B0CPKXSL8R,brand_name,Mattel,entity,Mattel
https://www.amazon.com/dp/B0CPKXSL8R,product_data,—,entity,mattel
Mattel,,,entity,Matel
,,,entity,Mattell
,,,entity,Mattle
---,,,,
B0FJ6TF24P,brand_name,RILLEC,entity,RILLEC
https://www.amazon.com/dp/B0FJ6TF24P,product_data,—,entity,rillec
RILLEC,,,entity,RILLC
,,,entity,RILEC
,,,entity,RILLECC
---,,,,
B0DXFCJHQQ,brand_name,Antaly,entity,Antaly
https://www.amazon.com/dp/B0DXFCJHQQ,product_data,—,entity,antaly
Antaly,,,entity,Antly
,,,entity,Antlay
,,,entity,Antalyy
---,,,,
B0D9GSLZJJ,brand_name,Gtonster,entity,Gtonster
https://www.amazon.com/dp/B0D9GSLZJJ,product_data,—,entity,gtonster
Gtonster,,,entity,Gtonser
,,,entity,Gtonstar
,,,entity,Gtonnster
---,,,,
B0FGBX24HW,brand_name,FYY,entity,FYY
https://www.amazon.com/dp/B0FGBX24HW,product_data,—,entity,fyy
FYY,,,entity,FYYy
,,,entity,FYYy
,,,entity,FYY
,,,entity,FYY
---,,,,
B0F3D5R2NS,brand_name,NANYI,entity,NANYI
https://www.amazon.com/dp/B0F3D5R2NS,product_data,—,entity,nanyi
NANYI,,,entity,NAYNI
,,,entity,NAYNI
,,,entity,NAYIN
,,,entity,NAYI
,,,entity,NANY
---,,,,
B0C6SLJVSG,brand_name,POHILA,entity,POHILA
https://www.amazon.com/dp/B0C6SLJVSG,product_data,—,entity,pohila
POHILA,,,entity,POILA
,,,entity,POHLA
,,,entity,POHIL
,,,entity,POHILAA
---,,,,
B07G61YN8K,brand_name,VANMASS,entity,VANMASS
https://www.amazon.com/dp/B07G61YN8K,product_data,—,entity,vanmass
VANMASS,,,entity,VANMAS
,,,entity,VANMASSA
,,,entity,VANMASS
,,,entity,VANMASS
,,,entity,VANMASS
---,,,,
B0D8BZDPXB,brand_name,Bose,entity,Bose
https://www.amazon.com/dp/B0D8BZDPXB,product_data,—,entity,bose
Bose,,,entity,Boes
,,,entity,Bsoe
,,,entity,Bosse
,,,entity,QuietComfort
,,,entity,quietcomfort
,,,entity,QuetComfort
,,,entity,QiuetComfort
---,,,,
B0CHN5CVL6,brand_name,STANLEY,entity,STANLEY
https://www.amazon.com/dp/B0CHN5CVL6,product_data,—,entity,stanley
STANLEY,,,entity,STANLY
,,,entity,STNALYE
,,,entity,STANLEYy
,,,entity,IceFlow
,,,entity,iceflow
,,,entity,IceFlw
,,,entity,IceFlwo
---,,,,
B0741XXT8W,brand_name,Mind Reader,entity,Mind Reader
https://www.amazon.com/dp/B0741XXT8W,product_data,—,entity,mind reader
Mind Reader,,,entity,MindReader
,,,entity,Mnd Reader
,,,entity,Mind Reder
,,,entity,EMS Mind Reader LLC
,,,entity,ems mind reader llc
,,,entity,EMS MindReader LLC
,,,entity,EMS Mind Reder LLC
,,,entity,EMS Mind Reader
---,,,,
B0F8W6V93G,brand_name,Arc'teryx,entity,Arc'teryx
https://www.amazon.com/dp/B0F8W6V93G,product_data,—,entity,arc'teryx
Arc'teryx,,,entity,Arcteryx
,,,entity,Arc'teryx
,,,entity,Arc'tery
,,,entity,Arc'teryxx
---,,,,
B0BXXKFJK2,brand_name,Silonn,entity,Silonn
https://www.amazon.com/dp/B0BXXKFJK2,product_data,—,entity,silonn
Silonn,,,entity,Silon
,,,entity,Sillonn
,,,entity,Silonnn
---,,,,
B01LPRX3X2,brand_name,Almay,entity,Almay
https://www.amazon.com/dp/B01LPRX3X2,product_data,—,entity,almay
Almay,,,entity,Almy
,,,entity,Almayy
,,,entity,Almayn
---,,,,
B0DSLS2LWW,brand_name,Le Creuset,entity,Le Creuset
https://www.amazon.com/dp/B0DSLS2LWW,product_data,—,entity,le creuset
Le Creuset,,,entity,LeCreuset
,,,entity,Le Creust
,,,entity,Le Creusett
,,,entity,Le Creusset
---,,,,
B0FY3R81S9,brand_name,kate spade new york,entity,kate spade new york
https://www.amazon.com/dp/B0FY3R81S9,product_data,—,entity,katespade new york
kate spade new york,,,entity,kate spade newyork
,,,entity,kate spade newyork
,,,entity,kate spade new york
,,,entity,kate spade new york
,,,entity,kate spade new york
,,,entity,kate spade new york
,,,entity,kate spade new york
,,,entity,kate spade new york
---,,,,
B09QFHSMTZ,brand_name,Funko,entity,Funko
https://www.amazon.com/dp/B09QFHSMTZ,product_data,—,entity,funko
Funko,,,entity,Fnuko
,,,entity,Funkko
,,,entity,Funk
---,,,,
B09PNTXRJB,brand_name,MED PRIDE,entity,MED PRIDE
https://www.amazon.com/dp/B09PNTXRJB,product_data,—,entity,med pride
MED PRIDE,,,entity,MEDPRIDE
,,,entity,MEDPRID
,,,entity,MEDPRIE
,,,entity,Shield Line
,,,entity,shield line
,,,entity,ShieldLine
,,,entity,Sheild Line
,,,entity,Shild Line
---,,,,
B01GOQSJ0G,brand_name,Monoject,entity,Monoject
https://www.amazon.com/dp/B01GOQSJ0G,product_data,—,entity,monoject
Monoject,,,entity,Monject
,,,entity,Monojet
,,,entity,Monojec
,,,entity,Monojectt
---,,,,
B07PMWMDXN,brand_name,SAN AUTO,entity,SAN AUTO
https://www.amazon.com/dp/B07PMWMDXN,product_data,—,entity,san auto
SAN AUTO,,,entity,SANAUTO
,,,entity,SANUTO
,,,entity,SAN ATO
,,,entity,HD-Mart
,,,entity,hd-mart
,,,entity,HDMart
,,,entity,HDMat
,,,entity,HD-Mrt
---,,,,
B0BTCZ2RR9,brand_name,CAMKORY,entity,CAMKORY
https://www.amazon.com/dp/B0BTCZ2RR9,product_data,—,entity,camkory
CAMKORY,,,entity,CAMKORY
,,,entity,CAMKORY
,,,entity,CAMKORY
,,,entity,CAMKORY
---,,,,
B0CNQYPM4L,brand_name,itrusou,entity,itrusou
https://www.amazon.com/dp/B0CNQYPM4L,product_data,—,entity,itrusou
itrusou,,,entity,itrsou
,,,entity,itrusuo
,,,entity,itrusouu
,,,entity,itrusou
,,,entity,itrsou
,,,entity,itrusuo
,,,entity,itrusouu
---,,,,
,brand_name,Oerdoh,,
,product_data,—,,
Oerdoh,,,,
---,,,,
B0CRTYZG5C,brand_name,Soundcore,entity,Soundcore
https://www.amazon.com/dp/B0CRTYZG5C,product_data,—,entity,soundcore
Soundcore,,,entity,Sondcore
,,,entity,Soundcor
,,,entity,Soundcoree
,,,entity,Anker
,,,entity,anker
,,,entity,Ankr
,,,entity,Ankerr
,,,entity,Ankeer
---,,,,
B081VB2BTR,brand_name,Aeagle,entity,Aeagle
https://www.amazon.com/dp/B081VB2BTR,product_data,—,entity,aeagle
Aeagle,,,entity,Aegle
,,,entity,Aeagel
,,,entity,Aeaglle
---,,,,
B09RNBRTQ6,brand_name,Contigo,entity,Contigo
https://www.amazon.com/dp/B09RNBRTQ6,product_data,—,entity,contigo
Contigo,,,entity,Cntigo
,,,entity,Cotnigo
,,,entity,Contig
,,,entity,Contigoo
,,,entity,AutoPop
,,,entity,autopop
,,,entity,AtoPop
,,,entity,AutoPop
,,,entity,AutPop
---,,,,
B006Z79SBE,brand_name,URBAN DECAY,entity,URBAN DECAY
https://www.amazon.com/dp/B006Z79SBE,product_data,—,entity,urban decay
URBAN DECAY,,,entity,URBAN DECAY
,,,entity,URBANDE CAY
,,,entity,URBANDEACY
,,,entity,URBAN DECY
---,,,,
B07V15FVX8,brand_name,All-Clad,entity,All-Clad
https://www.amazon.com/dp/B07V15FVX8,product_data,—,entity,all-clad
All-Clad,,,entity,Al-Clad
,,,entity,AllClad
,,,entity,All-Claad
,,,entity,John Ritzenthaler Co
,,,entity,john ritzenthaler co
,,,entity,John Ritzenthaler
,,,entity,John Ritzenthalr
---,,,,
B0BWHZJHPL,brand_name,EUHOMY,entity,EUHOMY
https://www.amazon.com/dp/B0BWHZJHPL,product_data,—,entity,euhomy
EUHOMY,,,entity,EUHOMYy
,,,entity,EUHOMMY
,,,entity,EUHOMY
,,,entity,Euhomy
---,,,,
B08XWPZ6F8,brand_name,Bandai Namco,entity,Bandai
https://www.amazon.com/dp/B08XWPZ6F8,product_data,—,entity,bandai
Bandai Namco,,,entity,Bndai
,,,entity,Bandia
,,,entity,Bandaii
,,,entity,Namco
,,,entity,namco
,,,entity,Nacmo
,,,entity,Namoc
---,,,,
B00JEMGXC4,brand_name,McKesson,entity,McKesson
https://www.amazon.com/dp/B00JEMGXC4,product_data,—,entity,mckesson
McKesson,,,entity,McKesen
,,,entity,McKeson
,,,entity,McKessn
,,,entity,McKessson
---,,,,
B08LV7V1TZ,brand_name,VIWIK,entity,VIWIK
https://www.amazon.com/dp/B08LV7V1TZ,product_data,—,entity,viwik
VIWIK,,,entity,VIWK
,,,entity,VWIik
,,,entity,VIWKI
---,,,,
B0DF4JRXH3,brand_name,SurviveX,entity,SurviveX
https://www.amazon.com/dp/B0DF4JRXH3,product_data,—,entity,survivex
SurviveX,,,entity,SurvveX
,,,entity,SurvievX
,,,entity,SurviveXX
---,,,,
B0CSN9B2DF,brand_name,SMARTKLIK,entity,SMARTKLIK
https://www.amazon.com/dp/B0CSN9B2DF,product_data,—,entity,smartklik
SMARTKLIK,,,entity,SMARTKLIK
,,,entity,SMRTKLIK
,,,entity,SMARTKLIK
,,,entity,SMARTKLIK
---,,,,
B0FG258DCG,brand_name,Homelove,entity,Homelove
https://www.amazon.com/dp/B0FG258DCG,product_data,—,entity,homelove
Homelove,,,entity,Homlove
,,,entity,Hoemlove
,,,entity,Homelvoe
---,,,,
B0CRQQ1FQ9,brand_name,Nectar & Nest,entity,Nectar & Nest
https://www.amazon.com/dp/B0CRQQ1FQ9,product_data,—,entity,nectar & nest
Nectar & Nest,,,entity,Nectar and Nest
,,,entity,Nectar & Nst
,,,entity,Nectar & Nestt
,,,entity,Nectar & Nset
---,,,,
B0CDQ72BHL,brand_name,A-NAFTULY,entity,A-NAFTULY
https://www.amazon.com/dp/B0CDQ72BHL,product_data,—,entity,a-naftuly
A-NAFTULY,,,entity,A-NAFTULY
,,,entity,A-NAFTUL
,,,entity,A-NAFTULY
,,,entity,A-NAFTULY
---,,,,
B07Y53NHB7,brand_name,orealtrend,entity,orealtrend
https://www.amazon.com/dp/B07Y53NHB7,product_data,—,entity,orealtrend
orealtrend,,,entity,orealtrend
,,,entity,orealtrend
,,,entity,orealtrend
---,,,,
B088FYX5R7,brand_name,microMend,entity,microMend
https://www.amazon.com/dp/B088FYX5R7,product_data,—,entity,micromend
microMend,,,entity,microMendd
,,,entity,micorMend
,,,entity,microMend
,,,entity,microMend
,,,entity,micromend
,,,entity,microMendd
,,,entity,micorMend
---,,,,
B0DCVMP5NV,brand_name,PALATO,entity,PALATO
https://www.amazon.com/dp/B0DCVMP5NV,product_data,—,entity,palato
PALATO,,,entity,PLATO
,,,entity,PALTO
,,,entity,PALATOo
---,,,,
B0DJR5SWD7,brand_name,VYNCS,entity,VYNCS
https://www.amazon.com/dp/B0DJR5SWD7,product_data,—,entity,vyncs
VYNCS,,,entity,VYNS
,,,entity,VYNCSs
,,,entity,VYCS
---,,,,
B0FGD6R7T2,brand_name,RoadNow,entity,RoadNow
https://www.amazon.com/dp/B0FGD6R7T2,product_data,—,entity,roadnow
RoadNow,,,entity,RodNow
,,,entity,RoadNoww
,,,entity,RoaddNow
---,,,,
B0FHH693Z4,brand_name,honiitaa,entity,honiitaa
https://www.amazon.com/dp/B0FHH693Z4,product_data,—,entity,honiita
honiitaa,,,entity,honiita
,,,entity,honiitaa
,,,entity,honiita
,,,entity,honiitaa
---,,,,
