ASIN / Brand,Input Field,Input Value,Output Field,Output Value
B0D6YNWLTS,attribute_table,"[{'attribute_type': 'Audience', 'attribute_value': 'Hikers', 'rank': 1}, {'attri",confidence,0.92
https://www.amazon.com/dp/B0D6YNWLTS,bullet_points,WINDPROOF & WARM The stand collar lightweight puffer jacket is made with windpro,reasoning,"Thermal socks and a puffer jacket are both winter clothing items, but they do no"
Pioneer Camp,description,,relationship,None
,hard_constraints,['Medium (Size)'],used_together,False
,keyword,Thermal socks,relevancy,N
---,,,,
B0D6YNWLTS,attribute_table,"[{'attribute_type': 'Audience', 'attribute_value': 'Hikers', 'rank': 1}, {'attri",confidence,0.9
https://www.amazon.com/dp/B0D6YNWLTS,bullet_points,WINDPROOF & WARM The stand collar lightweight puffer jacket is made with windpro,reasoning,Winter gloves and a puffer jacket are both essential items for cold weather. The
Pioneer Camp,description,,relationship,Winter gloves are worn alongside the puffer jacket to provide warmth in cold wea
,hard_constraints,['Medium (Size)'],used_together,True
,keyword,Winter Gloves,relevancy,C
---,,,,
B0D6YNWLTS,attribute_table,"[{'attribute_type': 'Audience', 'attribute_value': 'Hikers', 'rank': 1}, {'attri",confidence,0.85
https://www.amazon.com/dp/B0D6YNWLTS,bullet_points,WINDPROOF & WARM The stand collar lightweight puffer jacket is made with windpro,reasoning,"Packable travel bags are commonly used by individuals who are traveling, especia"
Pioneer Camp,description,,relationship,Packable travel bags are used to store and carry the puffer jacket and other tra
,hard_constraints,['Medium (Size)'],used_together,True
,keyword,Packable travel bags,relevancy,C
---,,,,
B0D6YNWLTS,attribute_table,"[{'attribute_type': 'Audience', 'attribute_value': 'Hikers', 'rank': 1}, {'attri",confidence,0.85
https://www.amazon.com/dp/B0D6YNWLTS,bullet_points,WINDPROOF & WARM The stand collar lightweight puffer jacket is made with windpro,reasoning,Hiking pants and a puffer jacket are both essential clothing items for outdoor a
Pioneer Camp,description,,relationship,Hiking pants are worn alongside a puffer jacket for warmth and protection during
,hard_constraints,['Medium (Size)'],used_together,True
,keyword,Hiking pants,relevancy,C
---,,,,
B0D6YNWLTS,attribute_table,"[{'attribute_type': 'Audience', 'attribute_value': 'Hikers', 'rank': 1}, {'attri",confidence,0.85
https://www.amazon.com/dp/B0D6YNWLTS,bullet_points,WINDPROOF & WARM The stand collar lightweight puffer jacket is made with windpro,reasoning,Ski pants and a puffer jacket are both essential clothing items for cold weather
Pioneer Camp,description,,relationship,Ski pants are worn alongside a puffer jacket for skiing and other winter activit
,hard_constraints,['Medium (Size)'],used_together,True
,keyword,ski pants,relevancy,C
---,,,,
B0BZYCJK89,attribute_table,"[{'attribute_type': 'Use Case', 'attribute_value': 'Sports', 'rank': 1}, {'attri",confidence,0.85
https://www.amazon.com/dp/B0BZYCJK89,bullet_points,24-ounce insulated stainless-steel water bottle with a FreeSip spout and push-bu,reasoning,The keyword 'owala water bottle boot' refers to a protective boot or cover desig
Owala,description,The Owala FreeSip Insulated Stainless-Steel Water Bottle with Locking Push-Butto,relationship,"The water bottle boot is designed to fit over the Owala water bottle, providing "
,hard_constraints,[],used_together,True
,keyword,owala water bottle boot,relevancy,C
---,,,,
B0BZYCJK89,attribute_table,"[{'attribute_type': 'Use Case', 'attribute_value': 'Sports', 'rank': 1}, {'attri",confidence,0.9
https://www.amazon.com/dp/B0BZYCJK89,bullet_points,24-ounce insulated stainless-steel water bottle with a FreeSip spout and push-bu,reasoning,The keyword 'owala water bottle lid parts' refers to replacement parts for the O
Owala,description,The Owala FreeSip Insulated Stainless-Steel Water Bottle with Locking Push-Butto,relationship,Replacement lid parts are essential for maintaining the functionality of the Owa
,hard_constraints,[],used_together,True
,keyword,owala water bottle lid parts,relevancy,C
---,,,,
B0BZYCJK89,attribute_table,"[{'attribute_type': 'Use Case', 'attribute_value': 'Sports', 'rank': 1}, {'attri",confidence,0.95
https://www.amazon.com/dp/B0BZYCJK89,bullet_points,24-ounce insulated stainless-steel water bottle with a FreeSip spout and push-bu,reasoning,The keyword 'owala water bottle top' refers to a replacement or additional top f
Owala,description,The Owala FreeSip Insulated Stainless-Steel Water Bottle with Locking Push-Butto,relationship,Replacement top is used to maintain or enhance the functionality of the Owala wa
,hard_constraints,[],used_together,True
,keyword,owala water bottle top,relevancy,C
---,,,,
B0BZYCJK89,attribute_table,"[{'attribute_type': 'Use Case', 'attribute_value': 'Sports', 'rank': 1}, {'attri",confidence,0.9
https://www.amazon.com/dp/B0BZYCJK89,bullet_points,24-ounce insulated stainless-steel water bottle with a FreeSip spout and push-bu,reasoning,The keyword 'owala water bottle 32oz boot' refers to a protective boot designed 
Owala,description,The Owala FreeSip Insulated Stainless-Steel Water Bottle with Locking Push-Butto,relationship,The boot protects the water bottle from damage during transport and use.
,hard_constraints,[],used_together,True
,keyword,owala water bottle 32oz boot,relevancy,C
---,,,,
B0BZYCJK89,attribute_table,"[{'attribute_type': 'Use Case', 'attribute_value': 'Sports', 'rank': 1}, {'attri",confidence,0.95
https://www.amazon.com/dp/B0BZYCJK89,bullet_points,24-ounce insulated stainless-steel water bottle with a FreeSip spout and push-bu,reasoning,The keyword 'owala water bottle lid' refers to a replacement lid specifically de
Owala,description,The Owala FreeSip Insulated Stainless-Steel Water Bottle with Locking Push-Butto,relationship,The Owala water bottle lid is used to replace or enhance the functionality of th
,hard_constraints,[],used_together,True
,keyword,owala water bottle lid,relevancy,C
---,,,,
B0BZYCJK89,attribute_table,"[{'attribute_type': 'Use Case', 'attribute_value': 'Sports', 'rank': 1}, {'attri",confidence,0.85
https://www.amazon.com/dp/B0BZYCJK89,bullet_points,24-ounce insulated stainless-steel water bottle with a FreeSip spout and push-bu,reasoning,The keyword 'owala water bottle accessories' refers to products that enhance or 
Owala,description,The Owala FreeSip Insulated Stainless-Steel Water Bottle with Locking Push-Butto,relationship,Accessories for the Owala water bottle enhance its functionality and maintenance
,hard_constraints,[],used_together,True
,keyword,owala water bottle accessories,relevancy,C
---,,,,
B0BZYCJK89,attribute_table,"[{'attribute_type': 'Use Case', 'attribute_value': 'Sports', 'rank': 1}, {'attri",confidence,0.75
https://www.amazon.com/dp/B0BZYCJK89,bullet_points,24-ounce insulated stainless-steel water bottle with a FreeSip spout and push-bu,reasoning,"Water bottle stickers are often used to personalize and decorate water bottles, "
Owala,description,The Owala FreeSip Insulated Stainless-Steel Water Bottle with Locking Push-Butto,relationship,"Water bottle stickers are used to personalize and decorate the water bottle, enh"
,hard_constraints,[],used_together,True
,keyword,Water Bottle Stickers,relevancy,C
---,,,,
B0BZYCJK89,attribute_table,"[{'attribute_type': 'Use Case', 'attribute_value': 'Sports', 'rank': 1}, {'attri",confidence,0.9
https://www.amazon.com/dp/B0BZYCJK89,bullet_points,24-ounce insulated stainless-steel water bottle with a FreeSip spout and push-bu,reasoning,"A bottle bag is specifically designed to carry and protect water bottles, making"
Owala,description,The Owala FreeSip Insulated Stainless-Steel Water Bottle with Locking Push-Butto,relationship,Bottle bag is used to carry and protect the water bottle during travel or sports
,hard_constraints,[],used_together,True
,keyword,Bottle bag,relevancy,C
---,,,,
B0BZYCJK89,attribute_table,"[{'attribute_type': 'Use Case', 'attribute_value': 'Sports', 'rank': 1}, {'attri",confidence,0.92
https://www.amazon.com/dp/B0BZYCJK89,bullet_points,24-ounce insulated stainless-steel water bottle with a FreeSip spout and push-bu,reasoning,"The keyword 'camelback' refers to a type of hydration pack or water reservoir, w"
Owala,description,The Owala FreeSip Insulated Stainless-Steel Water Bottle with Locking Push-Butto,relationship,None
,hard_constraints,[],used_together,False
,keyword,camelback,relevancy,N
---,,,,
B0CJ4WZXQF,attribute_table,"[{'attribute_type': 'Use Case', 'attribute_value': 'Kitchen Countertop', 'rank':",confidence,0.9
https://www.amazon.com/dp/B0CJ4WZXQF,bullet_points,"304 Stainless Steel
Quality Control 100%
【AUTOMATIC DRAINAGE SYSTEM】Cisily adopt",reasoning,The keyword 'soap dispenser kitchen sink' refers to a product that is commonly u
Cisily,description,,relationship,The soap dispenser is used in conjunction with the sink caddy organizer to keep 
,hard_constraints,[],used_together,True
,keyword,soap dispenser kitchen sink,relevancy,C
---,,,,
B0CJ4WZXQF,attribute_table,"[{'attribute_type': 'Use Case', 'attribute_value': 'Kitchen Countertop', 'rank':",confidence,0.9
https://www.amazon.com/dp/B0CJ4WZXQF,bullet_points,"304 Stainless Steel
Quality Control 100%
【AUTOMATIC DRAINAGE SYSTEM】Cisily adopt",reasoning,The keyword 'kitchen sink accessories' refers to various items that enhance the 
Cisily,description,,relationship,"Kitchen sink accessories include items like sponges, soap dispensers, and brushe"
,hard_constraints,[],used_together,True
,keyword,kitchen sink accessories,relevancy,C
---,,,,
B0CJ4WZXQF,attribute_table,"[{'attribute_type': 'Use Case', 'attribute_value': 'Kitchen Countertop', 'rank':",confidence,0.9
https://www.amazon.com/dp/B0CJ4WZXQF,bullet_points,"304 Stainless Steel
Quality Control 100%
【AUTOMATIC DRAINAGE SYSTEM】Cisily adopt",reasoning,"A sink soap dispenser is commonly used alongside a sink caddy organizer, as both"
Cisily,description,,relationship,The sink soap dispenser is used within the sink caddy organizer to keep soap acc
,hard_constraints,[],used_together,True
,keyword,sink soap dispenser,relevancy,C
---,,,,
B0CJ4WZXQF,attribute_table,"[{'attribute_type': 'Use Case', 'attribute_value': 'Kitchen Countertop', 'rank':",confidence,0.85
https://www.amazon.com/dp/B0CJ4WZXQF,bullet_points,"304 Stainless Steel
Quality Control 100%
【AUTOMATIC DRAINAGE SYSTEM】Cisily adopt",reasoning,A sink faucet and a sink caddy organizer are both essential components in a kitc
Cisily,description,,relationship,The sink caddy organizer is used to store cleaning supplies that are used in con
,hard_constraints,[],used_together,True
,keyword,Sink Faucet,relevancy,C
---,,,,
B0CJ4WZXQF,attribute_table,"[{'attribute_type': 'Use Case', 'attribute_value': 'Kitchen Countertop', 'rank':",confidence,0.9
https://www.amazon.com/dp/B0CJ4WZXQF,bullet_points,"304 Stainless Steel
Quality Control 100%
【AUTOMATIC DRAINAGE SYSTEM】Cisily adopt",reasoning,A stainless kitchen sink and a kitchen sink caddy organizer are both essential c
Cisily,description,,relationship,The kitchen sink caddy organizer is used to store and organize items that are us
,hard_constraints,[],used_together,True
,keyword,stainless kitchen sink,relevancy,C
---,,,,
B0CJ4WZXQF,attribute_table,"[{'attribute_type': 'Use Case', 'attribute_value': 'Kitchen Countertop', 'rank':",confidence,0.9
https://www.amazon.com/dp/B0CJ4WZXQF,bullet_points,"304 Stainless Steel
Quality Control 100%
【AUTOMATIC DRAINAGE SYSTEM】Cisily adopt",reasoning,A kitchen sink and a kitchen sink caddy organizer are both essential components 
Cisily,description,,relationship,"The kitchen sink caddy organizer is used to store and organize sponges, brushes,"
,hard_constraints,[],used_together,True
,keyword,kitchen sink,relevancy,C
---,,,,
B0CJ4WZXQF,attribute_table,"[{'attribute_type': 'Use Case', 'attribute_value': 'Kitchen Countertop', 'rank':",confidence,0.92
https://www.amazon.com/dp/B0CJ4WZXQF,bullet_points,"304 Stainless Steel
Quality Control 100%
【AUTOMATIC DRAINAGE SYSTEM】Cisily adopt",reasoning,A black kitchen sink and a kitchen sink caddy organizer are both used in the kit
Cisily,description,,relationship,None
,hard_constraints,[],used_together,False
,keyword,black kitchen sink,relevancy,N
---,,,,
B0CJ4WZXQF,attribute_table,"[{'attribute_type': 'Use Case', 'attribute_value': 'Kitchen Countertop', 'rank':",confidence,0.92
https://www.amazon.com/dp/B0CJ4WZXQF,bullet_points,"304 Stainless Steel
Quality Control 100%
【AUTOMATIC DRAINAGE SYSTEM】Cisily adopt",reasoning,The keyword 'kitchen sink decor' refers to decorative items that enhance the aes
Cisily,description,,relationship,None
,hard_constraints,[],used_together,False
,keyword,kitchen sink decor,relevancy,N
---,,,,
B08J8GZXKZ,attribute_table,"[
  { ""attribute_type"": ""Use Case"", ""attribute_value"": ""Handling Hot Cookware"", ",confidence,0.92
https://www.amazon.com/dp/B08J8GZXKZ,bullet_points,HEAT RESISTANT – KitchenAid Silicone Oven Mitts are heat resistant up to 500°F t,reasoning,Cycling gloves and oven mitts serve entirely different purposes and contexts. Cy
KitchenAid,description,Perform your kitchen tasks safely with the Kitchen Aid Ribbed Soft Silicone 2-Pi,relationship,None
,hard_constraints,['Heat Resistant up to 500°F'],used_together,False
,keyword,cycling glove,relevancy,N
---,,,,
B08J8GZXKZ,attribute_table,"[
  { ""attribute_type"": ""Use Case"", ""attribute_value"": ""Handling Hot Cookware"", ",confidence,0.92
https://www.amazon.com/dp/B08J8GZXKZ,bullet_points,HEAT RESISTANT – KitchenAid Silicone Oven Mitts are heat resistant up to 500°F t,reasoning,Ski gloves and oven mitts serve different purposes and are used in different con
KitchenAid,description,Perform your kitchen tasks safely with the Kitchen Aid Ribbed Soft Silicone 2-Pi,relationship,None
,hard_constraints,['Heat Resistant up to 500°F'],used_together,False
,keyword,Ski Gloves,relevancy,N
---,,,,
B08J8GZXKZ,attribute_table,"[
  { ""attribute_type"": ""Use Case"", ""attribute_value"": ""Handling Hot Cookware"", ",confidence,0.92
https://www.amazon.com/dp/B08J8GZXKZ,bullet_points,HEAT RESISTANT – KitchenAid Silicone Oven Mitts are heat resistant up to 500°F t,reasoning,A winter glove and an oven mitt serve different purposes in the kitchen. The ove
KitchenAid,description,Perform your kitchen tasks safely with the Kitchen Aid Ribbed Soft Silicone 2-Pi,relationship,None
,hard_constraints,['Heat Resistant up to 500°F'],used_together,False
,keyword,Winter glove,relevancy,N
---,,,,
B08J8GZXKZ,attribute_table,"[
  { ""attribute_type"": ""Use Case"", ""attribute_value"": ""Handling Hot Cookware"", ",confidence,0.92
https://www.amazon.com/dp/B08J8GZXKZ,bullet_points,HEAT RESISTANT – KitchenAid Silicone Oven Mitts are heat resistant up to 500°F t,reasoning,Waterproof gloves and oven mitts serve different purposes in the kitchen. While 
KitchenAid,description,Perform your kitchen tasks safely with the Kitchen Aid Ribbed Soft Silicone 2-Pi,relationship,None
,hard_constraints,['Heat Resistant up to 500°F'],used_together,False
,keyword,waterproof glove,relevancy,N
---,,,,
B08J8GZXKZ,attribute_table,"[
  { ""attribute_type"": ""Use Case"", ""attribute_value"": ""Handling Hot Cookware"", ",confidence,0.92
https://www.amazon.com/dp/B08J8GZXKZ,bullet_points,HEAT RESISTANT – KitchenAid Silicone Oven Mitts are heat resistant up to 500°F t,reasoning,Disposable medical gloves are used in medical and food preparation settings to m
KitchenAid,description,Perform your kitchen tasks safely with the Kitchen Aid Ribbed Soft Silicone 2-Pi,relationship,None
,hard_constraints,['Heat Resistant up to 500°F'],used_together,False
,keyword,Disposable Medical glove,relevancy,N
---,,,,
B08J8GZXKZ,attribute_table,"[
  { ""attribute_type"": ""Use Case"", ""attribute_value"": ""Handling Hot Cookware"", ",confidence,0.85
https://www.amazon.com/dp/B08J8GZXKZ,bullet_points,HEAT RESISTANT – KitchenAid Silicone Oven Mitts are heat resistant up to 500°F t,reasoning,Industrial nitrile gloves are used for protection during cooking and handling ho
KitchenAid,description,Perform your kitchen tasks safely with the Kitchen Aid Ribbed Soft Silicone 2-Pi,relationship,"Both products are used for heat protection in the kitchen, with nitrile gloves p"
,hard_constraints,['Heat Resistant up to 500°F'],used_together,True
,keyword,Industrial Nitrile Gloves,relevancy,C
---,,,,
B08J8GZXKZ,attribute_table,"[
  { ""attribute_type"": ""Use Case"", ""attribute_value"": ""Handling Hot Cookware"", ",confidence,0.92
https://www.amazon.com/dp/B08J8GZXKZ,bullet_points,HEAT RESISTANT – KitchenAid Silicone Oven Mitts are heat resistant up to 500°F t,reasoning,"Gardening gloves and oven mitts are both used in the kitchen and garden, but the"
KitchenAid,description,Perform your kitchen tasks safely with the Kitchen Aid Ribbed Soft Silicone 2-Pi,relationship,None
,hard_constraints,['Heat Resistant up to 500°F'],used_together,False
,keyword,gardening glove,relevancy,N
---,,,,
B08J8GZXKZ,attribute_table,"[
  { ""attribute_type"": ""Use Case"", ""attribute_value"": ""Handling Hot Cookware"", ",confidence,0.92
https://www.amazon.com/dp/B08J8GZXKZ,bullet_points,HEAT RESISTANT – KitchenAid Silicone Oven Mitts are heat resistant up to 500°F t,reasoning,"Dishwashing gloves and oven mitts are both kitchen items, but they serve differe"
KitchenAid,description,Perform your kitchen tasks safely with the Kitchen Aid Ribbed Soft Silicone 2-Pi,relationship,None
,hard_constraints,['Heat Resistant up to 500°F'],used_together,False
,keyword,Dishwashing Gloves,relevancy,N
---,,,,
B08J8GZXKZ,attribute_table,"[
  { ""attribute_type"": ""Use Case"", ""attribute_value"": ""Handling Hot Cookware"", ",confidence,0.92
https://www.amazon.com/dp/B08J8GZXKZ,bullet_points,HEAT RESISTANT – KitchenAid Silicone Oven Mitts are heat resistant up to 500°F t,reasoning,"Vinyl gloves are typically used for food handling, cleaning, or medical purposes"
KitchenAid,description,Perform your kitchen tasks safely with the Kitchen Aid Ribbed Soft Silicone 2-Pi,relationship,None
,hard_constraints,['Heat Resistant up to 500°F'],used_together,False
,keyword,Vinyl Gloves,relevancy,N
---,,,,
B08J8GZXKZ,attribute_table,"[
  { ""attribute_type"": ""Use Case"", ""attribute_value"": ""Handling Hot Cookware"", ",confidence,0.92
https://www.amazon.com/dp/B08J8GZXKZ,bullet_points,HEAT RESISTANT – KitchenAid Silicone Oven Mitts are heat resistant up to 500°F t,reasoning,"Synthetic gloves are typically used for protection during food preparation, clea"
KitchenAid,description,Perform your kitchen tasks safely with the Kitchen Aid Ribbed Soft Silicone 2-Pi,relationship,None
,hard_constraints,['Heat Resistant up to 500°F'],used_together,False
,keyword,Synthetic Gloves,relevancy,N
---,,,,
B08J8GZXKZ,attribute_table,"[
  { ""attribute_type"": ""Use Case"", ""attribute_value"": ""Handling Hot Cookware"", ",confidence,0.85
https://www.amazon.com/dp/B08J8GZXKZ,bullet_points,HEAT RESISTANT – KitchenAid Silicone Oven Mitts are heat resistant up to 500°F t,reasoning,"Cotton gloves are typically used for handling hot items in the kitchen, similar "
KitchenAid,description,Perform your kitchen tasks safely with the Kitchen Aid Ribbed Soft Silicone 2-Pi,relationship,None
,hard_constraints,['Heat Resistant up to 500°F'],used_together,False
,keyword,Cotton Gloves,relevancy,N
---,,,,
B08J8GZXKZ,attribute_table,"[
  { ""attribute_type"": ""Use Case"", ""attribute_value"": ""Handling Hot Cookware"", ",confidence,0.92
https://www.amazon.com/dp/B08J8GZXKZ,bullet_points,HEAT RESISTANT – KitchenAid Silicone Oven Mitts are heat resistant up to 500°F t,reasoning,"A driving glove is used for protection and grip while driving, whereas the Kitch"
KitchenAid,description,Perform your kitchen tasks safely with the Kitchen Aid Ribbed Soft Silicone 2-Pi,relationship,None
,hard_constraints,['Heat Resistant up to 500°F'],used_together,False
,keyword,Driving glove,relevancy,N
---,,,,
B08J8GZXKZ,attribute_table,"[
  { ""attribute_type"": ""Use Case"", ""attribute_value"": ""Handling Hot Cookware"", ",confidence,0.92
https://www.amazon.com/dp/B08J8GZXKZ,bullet_points,HEAT RESISTANT – KitchenAid Silicone Oven Mitts are heat resistant up to 500°F t,reasoning,"Household gloves and oven mitts are both used in the kitchen, but they serve dif"
KitchenAid,description,Perform your kitchen tasks safely with the Kitchen Aid Ribbed Soft Silicone 2-Pi,relationship,None
,hard_constraints,['Heat Resistant up to 500°F'],used_together,False
,keyword,Household Gloves,relevancy,N
---,,,,
B08J8GZXKZ,attribute_table,"[
  { ""attribute_type"": ""Use Case"", ""attribute_value"": ""Handling Hot Cookware"", ",confidence,0.92
https://www.amazon.com/dp/B08J8GZXKZ,bullet_points,HEAT RESISTANT – KitchenAid Silicone Oven Mitts are heat resistant up to 500°F t,reasoning,Workout gloves and oven mitts are both used in the kitchen but serve entirely di
KitchenAid,description,Perform your kitchen tasks safely with the Kitchen Aid Ribbed Soft Silicone 2-Pi,relationship,None
,hard_constraints,['Heat Resistant up to 500°F'],used_together,False
,keyword,Workout Gloves,relevancy,N
---,,,,
B08J8GZXKZ,attribute_table,"[
  { ""attribute_type"": ""Use Case"", ""attribute_value"": ""Handling Hot Cookware"", ",confidence,0.92
https://www.amazon.com/dp/B08J8GZXKZ,bullet_points,HEAT RESISTANT – KitchenAid Silicone Oven Mitts are heat resistant up to 500°F t,reasoning,"Mechanic gloves and oven mitts are both used in cooking contexts, but they serve"
KitchenAid,description,Perform your kitchen tasks safely with the Kitchen Aid Ribbed Soft Silicone 2-Pi,relationship,None
,hard_constraints,['Heat Resistant up to 500°F'],used_together,False
,keyword,mechanic gloves,relevancy,N
---,,,,
B08J8GZXKZ,attribute_table,"[
  { ""attribute_type"": ""Use Case"", ""attribute_value"": ""Handling Hot Cookware"", ",confidence,0.92
https://www.amazon.com/dp/B08J8GZXKZ,bullet_points,HEAT RESISTANT – KitchenAid Silicone Oven Mitts are heat resistant up to 500°F t,reasoning,Kids gloves and oven mitts serve different purposes in the kitchen. Oven mitts a
KitchenAid,description,Perform your kitchen tasks safely with the Kitchen Aid Ribbed Soft Silicone 2-Pi,relationship,None
,hard_constraints,['Heat Resistant up to 500°F'],used_together,False
,keyword,kids gloves,relevancy,N
---,,,,
B08J8GZXKZ,attribute_table,"[
  { ""attribute_type"": ""Use Case"", ""attribute_value"": ""Handling Hot Cookware"", ",confidence,0.85
https://www.amazon.com/dp/B08J8GZXKZ,bullet_points,HEAT RESISTANT – KitchenAid Silicone Oven Mitts are heat resistant up to 500°F t,reasoning,Heat resistant gloves and oven mitts are both used in the kitchen for handling h
KitchenAid,description,Perform your kitchen tasks safely with the Kitchen Aid Ribbed Soft Silicone 2-Pi,relationship,"Heat resistant gloves are used to protect hands when handling hot cookware, simi"
,hard_constraints,['Heat Resistant up to 500°F'],used_together,True
,keyword,Heat Resistant Glove,relevancy,C
---,,,,
B08J8GZXKZ,attribute_table,"[
  { ""attribute_type"": ""Use Case"", ""attribute_value"": ""Handling Hot Cookware"", ",confidence,0.85
https://www.amazon.com/dp/B08J8GZXKZ,bullet_points,HEAT RESISTANT – KitchenAid Silicone Oven Mitts are heat resistant up to 500°F t,reasoning,Thin heat resistant gloves are commonly used in conjunction with oven mitts when
KitchenAid,description,Perform your kitchen tasks safely with the Kitchen Aid Ribbed Soft Silicone 2-Pi,relationship,Thin heat resistant gloves are used alongside oven mitts to provide additional h
,hard_constraints,['Heat Resistant up to 500°F'],used_together,True
,keyword,thin heat resistant gloves,relevancy,C
---,,,,
B08J8GZXKZ,attribute_table,"[
  { ""attribute_type"": ""Use Case"", ""attribute_value"": ""Handling Hot Cookware"", ",confidence,0.92
https://www.amazon.com/dp/B08J8GZXKZ,bullet_points,HEAT RESISTANT – KitchenAid Silicone Oven Mitts are heat resistant up to 500°F t,reasoning,Kitchen gloves disposable and the KitchenAid Asteroid Oven Mitt serve different 
KitchenAid,description,Perform your kitchen tasks safely with the Kitchen Aid Ribbed Soft Silicone 2-Pi,relationship,None
,hard_constraints,['Heat Resistant up to 500°F'],used_together,False
,keyword,kitchen gloves disposable,relevancy,N
---,,,,
B08J8GZXKZ,attribute_table,"[
  { ""attribute_type"": ""Use Case"", ""attribute_value"": ""Handling Hot Cookware"", ",confidence,0.85
https://www.amazon.com/dp/B08J8GZXKZ,bullet_points,HEAT RESISTANT – KitchenAid Silicone Oven Mitts are heat resistant up to 500°F t,reasoning,"A silicone cleaner is used to maintain and clean silicone products, which can in"
KitchenAid,description,Perform your kitchen tasks safely with the Kitchen Aid Ribbed Soft Silicone 2-Pi,relationship,"Silicone cleaner is used to clean and maintain silicone oven mitts, ensuring the"
,hard_constraints,['Heat Resistant up to 500°F'],used_together,True
,keyword,Silicone Cleaner,relevancy,C
---,,,,
B08J8GZXKZ,attribute_table,"[
  { ""attribute_type"": ""Use Case"", ""attribute_value"": ""Handling Hot Cookware"", ",confidence,0.92
https://www.amazon.com/dp/B08J8GZXKZ,bullet_points,HEAT RESISTANT – KitchenAid Silicone Oven Mitts are heat resistant up to 500°F t,reasoning,A kitchen organizer and an oven mitt serve different purposes in the kitchen. Th
KitchenAid,description,Perform your kitchen tasks safely with the Kitchen Aid Ribbed Soft Silicone 2-Pi,relationship,None
,hard_constraints,['Heat Resistant up to 500°F'],used_together,False
,keyword,kitchen organizer,relevancy,N
---,,,,
B08J8GZXKZ,attribute_table,"[
  { ""attribute_type"": ""Use Case"", ""attribute_value"": ""Handling Hot Cookware"", ",confidence,0.92
https://www.amazon.com/dp/B08J8GZXKZ,bullet_points,HEAT RESISTANT – KitchenAid Silicone Oven Mitts are heat resistant up to 500°F t,reasoning,Mesh laundry bags are typically used for washing delicate items in a washing mac
KitchenAid,description,Perform your kitchen tasks safely with the Kitchen Aid Ribbed Soft Silicone 2-Pi,relationship,None
,hard_constraints,['Heat Resistant up to 500°F'],used_together,False
,keyword,Mesh Laundry Bags,relevancy,N
---,,,,
B08J8GZXKZ,attribute_table,"[
  { ""attribute_type"": ""Use Case"", ""attribute_value"": ""Handling Hot Cookware"", ",confidence,0.92
https://www.amazon.com/dp/B08J8GZXKZ,bullet_points,HEAT RESISTANT – KitchenAid Silicone Oven Mitts are heat resistant up to 500°F t,reasoning,"A pizza peel is a tool used to transfer pizzas in and out of an oven, while the "
KitchenAid,description,Perform your kitchen tasks safely with the Kitchen Aid Ribbed Soft Silicone 2-Pi,relationship,None
,hard_constraints,['Heat Resistant up to 500°F'],used_together,False
,keyword,Pizza Peel,relevancy,N
---,,,,
B08J8GZXKZ,attribute_table,"[
  { ""attribute_type"": ""Use Case"", ""attribute_value"": ""Handling Hot Cookware"", ",confidence,0.92
https://www.amazon.com/dp/B08J8GZXKZ,bullet_points,HEAT RESISTANT – KitchenAid Silicone Oven Mitts are heat resistant up to 500°F t,reasoning,"A roasting rack is typically used to elevate food while cooking, allowing for be"
KitchenAid,description,Perform your kitchen tasks safely with the Kitchen Aid Ribbed Soft Silicone 2-Pi,relationship,None
,hard_constraints,['Heat Resistant up to 500°F'],used_together,False
,keyword,Roasting Rack,relevancy,N
---,,,,
B09LCKZBTW,attribute_table,"[
  { ""attribute_type"": ""Use Case"", ""attribute_value"": ""Serving Food/Drinks"", ""r",confidence,0.85
https://www.amazon.com/dp/B09LCKZBTW,bullet_points,"NATURAL BAMBOO WOOD: Made from 100% premium bamboo, our serving tray is eco-frie",reasoning,An accessory tray is commonly used alongside a serving tray to organize and pres
WEBACOO,description,,relationship,Accessory tray is used to organize items served on the large bamboo serving tray
,hard_constraints,[],used_together,True
,keyword,accessory tray,relevancy,C
---,,,,
B09LCKZBTW,attribute_table,"[
  { ""attribute_type"": ""Use Case"", ""attribute_value"": ""Serving Food/Drinks"", ""r",confidence,0.92
https://www.amazon.com/dp/B09LCKZBTW,bullet_points,"NATURAL BAMBOO WOOD: Made from 100% premium bamboo, our serving tray is eco-frie",reasoning,A plastic tray for makeup is typically used to organize and hold makeup products
WEBACOO,description,,relationship,None
,hard_constraints,[],used_together,False
,keyword,plastic tray for makeup,relevancy,N
---,,,,
B09LCKZBTW,attribute_table,"[
  { ""attribute_type"": ""Use Case"", ""attribute_value"": ""Serving Food/Drinks"", ""r",confidence,0.92
https://www.amazon.com/dp/B09LCKZBTW,bullet_points,"NATURAL BAMBOO WOOD: Made from 100% premium bamboo, our serving tray is eco-frie",reasoning,A lab plastic tray is typically used for organizing and holding laboratory sampl
WEBACOO,description,,relationship,None
,hard_constraints,[],used_together,False
,keyword,Lab Plastic Tray,relevancy,N
---,,,,
B09LCKZBTW,attribute_table,"[
  { ""attribute_type"": ""Use Case"", ""attribute_value"": ""Serving Food/Drinks"", ""r",confidence,0.92
https://www.amazon.com/dp/B09LCKZBTW,bullet_points,"NATURAL BAMBOO WOOD: Made from 100% premium bamboo, our serving tray is eco-frie",reasoning,"A foldable bath tray is typically used to hold items such as soap, shampoo, or a"
WEBACOO,description,,relationship,None
,hard_constraints,[],used_together,False
,keyword,foldable bath tray,relevancy,N
---,,,,
B09LCKZBTW,attribute_table,"[
  { ""attribute_type"": ""Use Case"", ""attribute_value"": ""Serving Food/Drinks"", ""r",confidence,0.92
https://www.amazon.com/dp/B09LCKZBTW,bullet_points,"NATURAL BAMBOO WOOD: Made from 100% premium bamboo, our serving tray is eco-frie",reasoning,A defrosting tray is used to thaw frozen food quickly by conducting heat from th
WEBACOO,description,,relationship,None
,hard_constraints,[],used_together,False
,keyword,Defrosting Tray,relevancy,N
---,,,,
B09LCKZBTW,attribute_table,"[
  { ""attribute_type"": ""Use Case"", ""attribute_value"": ""Serving Food/Drinks"", ""r",confidence,0.92
https://www.amazon.com/dp/B09LCKZBTW,bullet_points,"NATURAL BAMBOO WOOD: Made from 100% premium bamboo, our serving tray is eco-frie",reasoning,A jewelry display tray is specifically designed to showcase and organize jewelry
WEBACOO,description,,relationship,None
,hard_constraints,[],used_together,False
,keyword,Jewelry Display Tray,relevancy,N
---,,,,
B09LCKZBTW,attribute_table,"[
  { ""attribute_type"": ""Use Case"", ""attribute_value"": ""Serving Food/Drinks"", ""r",confidence,0.92
https://www.amazon.com/dp/B09LCKZBTW,bullet_points,"NATURAL BAMBOO WOOD: Made from 100% premium bamboo, our serving tray is eco-frie",reasoning,"A silicone ice cube tray and a bamboo serving tray are both kitchen items, but t"
WEBACOO,description,,relationship,None
,hard_constraints,[],used_together,False
,keyword,Silicone ice cube tray,relevancy,N
---,,,,
B09LCKZBTW,attribute_table,"[
  { ""attribute_type"": ""Use Case"", ""attribute_value"": ""Serving Food/Drinks"", ""r",confidence,0.92
https://www.amazon.com/dp/B09LCKZBTW,bullet_points,"NATURAL BAMBOO WOOD: Made from 100% premium bamboo, our serving tray is eco-frie",reasoning,A faux leather vanity tray and a bamboo serving tray are both types of trays but
WEBACOO,description,,relationship,None
,hard_constraints,[],used_together,False
,keyword,Faux Leather Vanity Tray,relevancy,N
---,,,,
B09LCKZBTW,attribute_table,"[
  { ""attribute_type"": ""Use Case"", ""attribute_value"": ""Serving Food/Drinks"", ""r",confidence,0.92
https://www.amazon.com/dp/B09LCKZBTW,bullet_points,"NATURAL BAMBOO WOOD: Made from 100% premium bamboo, our serving tray is eco-frie",reasoning,An outdoor boot tray is designed to catch dirt and moisture from shoes before th
WEBACOO,description,,relationship,None
,hard_constraints,[],used_together,False
,keyword,Outdoor boot tray,relevancy,N
---,,,,
B09LCKZBTW,attribute_table,"[
  { ""attribute_type"": ""Use Case"", ""attribute_value"": ""Serving Food/Drinks"", ""r",confidence,0.92
https://www.amazon.com/dp/B09LCKZBTW,bullet_points,"NATURAL BAMBOO WOOD: Made from 100% premium bamboo, our serving tray is eco-frie",reasoning,A wireless charger tray and a serving tray are both items used in different cont
WEBACOO,description,,relationship,None
,hard_constraints,[],used_together,False
,keyword,wireless charger Tray,relevancy,N
---,,,,
B09LCKZBTW,attribute_table,"[
  { ""attribute_type"": ""Use Case"", ""attribute_value"": ""Serving Food/Drinks"", ""r",confidence,0.92
https://www.amazon.com/dp/B09LCKZBTW,bullet_points,"NATURAL BAMBOO WOOD: Made from 100% premium bamboo, our serving tray is eco-frie",reasoning,"A paint tray is typically used in conjunction with paint and painting tools, suc"
WEBACOO,description,,relationship,None
,hard_constraints,[],used_together,False
,keyword,Paint tray,relevancy,N
---,,,,
B09LCKZBTW,attribute_table,"[
  { ""attribute_type"": ""Use Case"", ""attribute_value"": ""Serving Food/Drinks"", ""r",confidence,0.92
https://www.amazon.com/dp/B09LCKZBTW,bullet_points,"NATURAL BAMBOO WOOD: Made from 100% premium bamboo, our serving tray is eco-frie",reasoning,"A roaster tray is typically used for cooking or roasting food in an oven, while "
WEBACOO,description,,relationship,None
,hard_constraints,[],used_together,False
,keyword,roaster tray,relevancy,N
---,,,,
B09LCKZBTW,attribute_table,"[
  { ""attribute_type"": ""Use Case"", ""attribute_value"": ""Serving Food/Drinks"", ""r",confidence,0.9
https://www.amazon.com/dp/B09LCKZBTW,bullet_points,"NATURAL BAMBOO WOOD: Made from 100% premium bamboo, our serving tray is eco-frie",reasoning,"Serving forks are commonly used to serve food, which aligns perfectly with the i"
WEBACOO,description,,relationship,Serving forks are used alongside the serving tray to serve food during meals or 
,hard_constraints,[],used_together,True
,keyword,Serving Forks,relevancy,C
---,,,,
B09LCKZBTW,attribute_table,"[
  { ""attribute_type"": ""Use Case"", ""attribute_value"": ""Serving Food/Drinks"", ""r",confidence,0.85
https://www.amazon.com/dp/B09LCKZBTW,bullet_points,"NATURAL BAMBOO WOOD: Made from 100% premium bamboo, our serving tray is eco-frie",reasoning,Serving spoons and forks are typically used together with serving trays when ser
WEBACOO,description,,relationship,Serving spoons and forks are used to serve food placed on the serving tray.
,hard_constraints,[],used_together,True
,keyword,Serving Spoons/Forks,relevancy,C
---,,,,
B09LCKZBTW,attribute_table,"[
  { ""attribute_type"": ""Use Case"", ""attribute_value"": ""Serving Food/Drinks"", ""r",confidence,0.85
https://www.amazon.com/dp/B09LCKZBTW,bullet_points,"NATURAL BAMBOO WOOD: Made from 100% premium bamboo, our serving tray is eco-frie",reasoning,Condiment caddies are specifically designed to organize and hold condiments that
WEBACOO,description,,relationship,Condiment caddies organize condiments when serving food on a serving tray.
,hard_constraints,[],used_together,True
,keyword,Condiment Caddies,relevancy,C
---,,,,
B09LCKZBTW,attribute_table,"[
  { ""attribute_type"": ""Use Case"", ""attribute_value"": ""Serving Food/Drinks"", ""r",confidence,0.9
https://www.amazon.com/dp/B09LCKZBTW,bullet_points,"NATURAL BAMBOO WOOD: Made from 100% premium bamboo, our serving tray is eco-frie",reasoning,"Appetizer picks are commonly used to serve small bites or appetizers, which alig"
WEBACOO,description,,relationship,Appetizer picks are used to serve appetizers displayed on the serving tray durin
,hard_constraints,[],used_together,True
,keyword,Appetizer Picks,relevancy,C
---,,,,
B09LCKZBTW,attribute_table,"[
  { ""attribute_type"": ""Use Case"", ""attribute_value"": ""Serving Food/Drinks"", ""r",confidence,0.88
https://www.amazon.com/dp/B09LCKZBTW,bullet_points,"NATURAL BAMBOO WOOD: Made from 100% premium bamboo, our serving tray is eco-frie",reasoning,"Appetizer skewers are commonly used to serve food items, particularly appetizers"
WEBACOO,description,,relationship,Appetizer skewers are placed on the serving tray for presentation and serving du
,hard_constraints,[],used_together,True
,keyword,Appetizer Skewers,relevancy,C
---,,,,
B09LCKZBTW,attribute_table,"[
  { ""attribute_type"": ""Use Case"", ""attribute_value"": ""Serving Food/Drinks"", ""r",confidence,0.92
https://www.amazon.com/dp/B09LCKZBTW,bullet_points,"NATURAL BAMBOO WOOD: Made from 100% premium bamboo, our serving tray is eco-frie",reasoning,Beverage holders and serving trays are both used in the context of serving food 
WEBACOO,description,,relationship,None
,hard_constraints,[],used_together,False
,keyword,Beverage Holders,relevancy,N
---,,,,
B09LCKZBTW,attribute_table,"[
  { ""attribute_type"": ""Use Case"", ""attribute_value"": ""Serving Food/Drinks"", ""r",confidence,0.92
https://www.amazon.com/dp/B09LCKZBTW,bullet_points,"NATURAL BAMBOO WOOD: Made from 100% premium bamboo, our serving tray is eco-frie",reasoning,"Cup holders are typically used to hold drinks, while the serving tray is designe"
WEBACOO,description,,relationship,None
,hard_constraints,[],used_together,False
,keyword,Cup Holders,relevancy,N
---,,,,
B09LCKZBTW,attribute_table,"[
  { ""attribute_type"": ""Use Case"", ""attribute_value"": ""Serving Food/Drinks"", ""r",confidence,0.85
https://www.amazon.com/dp/B09LCKZBTW,bullet_points,"NATURAL BAMBOO WOOD: Made from 100% premium bamboo, our serving tray is eco-frie",reasoning,Drink coasters are commonly used alongside serving trays to protect surfaces fro
WEBACOO,description,,relationship,Drink coasters are used to protect surfaces from moisture and heat when serving 
,hard_constraints,[],used_together,True
,keyword,Drink Coasters,relevancy,C
---,,,,
B09LCKZBTW,attribute_table,"[
  { ""attribute_type"": ""Use Case"", ""attribute_value"": ""Serving Food/Drinks"", ""r",confidence,0.87
https://www.amazon.com/dp/B09LCKZBTW,bullet_points,"NATURAL BAMBOO WOOD: Made from 100% premium bamboo, our serving tray is eco-frie",reasoning,"Wine glass holders are designed to securely hold wine glasses, making them a pra"
WEBACOO,description,,relationship,"Wine glass holders are used to securely hold wine glasses on the serving tray, e"
,hard_constraints,[],used_together,True
,keyword,Wine Glass Holders,relevancy,C
---,,,,
B09LCKZBTW,attribute_table,"[
  { ""attribute_type"": ""Use Case"", ""attribute_value"": ""Serving Food/Drinks"", ""r",confidence,0.85
https://www.amazon.com/dp/B09LCKZBTW,bullet_points,"NATURAL BAMBOO WOOD: Made from 100% premium bamboo, our serving tray is eco-frie",reasoning,"Salt shakers are typically used to dispense salt, which is a common condiment fo"
WEBACOO,description,,relationship,Salt shakers are used alongside the serving tray to season food during serving.
,hard_constraints,[],used_together,True
,keyword,Salt Shakers,relevancy,C
---,,,,
B09LCKZBTW,attribute_table,"[
  { ""attribute_type"": ""Use Case"", ""attribute_value"": ""Serving Food/Drinks"", ""r",confidence,0.85
https://www.amazon.com/dp/B09LCKZBTW,bullet_points,"NATURAL BAMBOO WOOD: Made from 100% premium bamboo, our serving tray is eco-frie",reasoning,"Pepper shakers are typically used to dispense seasoning while serving food, whic"
WEBACOO,description,,relationship,Pepper shakers are used alongside the serving tray to provide seasonings during 
,hard_constraints,[],used_together,True
,keyword,Pepper Shakers,relevancy,C
---,,,,
B09LCKZBTW,attribute_table,"[
  { ""attribute_type"": ""Use Case"", ""attribute_value"": ""Serving Food/Drinks"", ""r",confidence,0.85
https://www.amazon.com/dp/B09LCKZBTW,bullet_points,"NATURAL BAMBOO WOOD: Made from 100% premium bamboo, our serving tray is eco-frie",reasoning,Non-slip pads are commonly used to enhance the functionality of serving trays by
WEBACOO,description,,relationship,Non-slip pads are placed under items on the serving tray to prevent slipping and
,hard_constraints,[],used_together,True
,keyword,Non-Slip Pads,relevancy,C
---,,,,
B09LCKZBTW,attribute_table,"[
  { ""attribute_type"": ""Use Case"", ""attribute_value"": ""Serving Food/Drinks"", ""r",confidence,0.85
https://www.amazon.com/dp/B09LCKZBTW,bullet_points,"NATURAL BAMBOO WOOD: Made from 100% premium bamboo, our serving tray is eco-frie",reasoning,"Tray covers are typically used to protect food and drinks served on trays, which"
WEBACOO,description,,relationship,"Tray covers are used to protect food and drinks served on the serving tray, enha"
,hard_constraints,[],used_together,True
,keyword,Tray Covers,relevancy,C
---,,,,
B09LCKZBTW,attribute_table,"[
  { ""attribute_type"": ""Use Case"", ""attribute_value"": ""Serving Food/Drinks"", ""r",confidence,0.92
https://www.amazon.com/dp/B09LCKZBTW,bullet_points,"NATURAL BAMBOO WOOD: Made from 100% premium bamboo, our serving tray is eco-frie",reasoning,"Insulated sleeves are typically used to keep beverages hot or cold, while the ba"
WEBACOO,description,,relationship,None
,hard_constraints,[],used_together,False
,keyword,Insulated Sleeves,relevancy,N
---,,,,
B09LCKZBTW,attribute_table,"[
  { ""attribute_type"": ""Use Case"", ""attribute_value"": ""Serving Food/Drinks"", ""r",confidence,0.9
https://www.amazon.com/dp/B09LCKZBTW,bullet_points,"NATURAL BAMBOO WOOD: Made from 100% premium bamboo, our serving tray is eco-frie",reasoning,"Tray handles are an integral part of the serving tray, enhancing its functionali"
WEBACOO,description,,relationship,Tray handles enhance the functionality of the serving tray by providing a comfor
,hard_constraints,[],used_together,True
,keyword,Tray Handles,relevancy,C
---,,,,
B09LCKZBTW,attribute_table,"[
  { ""attribute_type"": ""Use Case"", ""attribute_value"": ""Serving Food/Drinks"", ""r",confidence,0.85
https://www.amazon.com/dp/B09LCKZBTW,bullet_points,"NATURAL BAMBOO WOOD: Made from 100% premium bamboo, our serving tray is eco-frie",reasoning,"Tote bags for trays are designed to carry trays, which aligns with the intended "
WEBACOO,description,,relationship,"Tote bags are used to carry serving trays, enhancing the functionality of the tr"
,hard_constraints,[],used_together,True
,keyword,Tote Bags for Trays,relevancy,C
---,,,,
B09LCKZBTW,attribute_table,"[
  { ""attribute_type"": ""Use Case"", ""attribute_value"": ""Serving Food/Drinks"", ""r",confidence,0.85
https://www.amazon.com/dp/B09LCKZBTW,bullet_points,"NATURAL BAMBOO WOOD: Made from 100% premium bamboo, our serving tray is eco-frie",reasoning,"Mild dish soap is commonly used for cleaning dishes, including those served on a"
WEBACOO,description,,relationship,Mild dish soap is used to clean the serving tray after it has been used for serv
,hard_constraints,[],used_together,True
,keyword,Mild Dish Soap,relevancy,C
---,,,,
B077YYP739,attribute_table,"[{'attribute_type': 'Variant', 'attribute_value': '11-inch Scale', 'rank': 1}, {",confidence,0.92
https://www.amazon.com/dp/B077YYP739,bullet_points,"11"" scale figure features classic Transformers conversion
Robot-to-truck convers",reasoning,The keyword 'transformer Mobile Phone Stands' refers to a product that is unrela
Transformers,description,Bring home the excitement of Transformers robots with this Cyber Commander serie,relationship,None
,hard_constraints,[],used_together,False
,keyword,transformer Mobile Phone Stands,relevancy,N
---,,,,
B077YYP739,attribute_table,"[{'attribute_type': 'Variant', 'attribute_value': '11-inch Scale', 'rank': 1}, {",confidence,0.87
https://www.amazon.com/dp/B077YYP739,bullet_points,"11"" scale figure features classic Transformers conversion
Robot-to-truck convers",reasoning,Dioramas and scenes are commonly used to create immersive play environments for 
Transformers,description,Bring home the excitement of Transformers robots with this Cyber Commander serie,relationship,"Dioramas provide a backdrop for the Transformers action figures, enhancing the p"
,hard_constraints,[],used_together,True
,keyword,Dioramas and Scenes for transformer,relevancy,C
---,,,,
B077YYP739,attribute_table,"[{'attribute_type': 'Variant', 'attribute_value': '11-inch Scale', 'rank': 1}, {",confidence,0.9
https://www.amazon.com/dp/B077YYP739,bullet_points,"11"" scale figure features classic Transformers conversion
Robot-to-truck convers",reasoning,A display box is specifically designed to showcase and protect action figures li
Transformers,description,Bring home the excitement of Transformers robots with this Cyber Commander serie,relationship,Display box is used to showcase and protect action figures
,hard_constraints,[],used_together,True
,keyword,Display box,relevancy,C
---,,,,
B077YYP739,attribute_table,"[{'attribute_type': 'Variant', 'attribute_value': '11-inch Scale', 'rank': 1}, {",confidence,0.9
https://www.amazon.com/dp/B077YYP739,bullet_points,"11"" scale figure features classic Transformers conversion
Robot-to-truck convers",reasoning,Large acrylic display risers are commonly used to showcase action figures like t
Transformers,description,Bring home the excitement of Transformers robots with this Cyber Commander serie,relationship,Display risers are used to showcase and elevate action figures for better visibi
,hard_constraints,[],used_together,True
,keyword,Large Acrylic Display Risers,relevancy,C
---,,,,
B0CJ4WZXQF,attribute_table,"[{'attribute_type': 'Use Case', 'attribute_value': 'Kitchen Countertop', 'rank':",confidence,0.92
https://www.amazon.com/dp/B0CJ4WZXQF,bullet_points,"304 Stainless Steel
Quality Control 100%
【AUTOMATIC DRAINAGE SYSTEM】Cisily adopt",reasoning,A countertop sink and a kitchen sink caddy organizer are both used in the kitche
Cisily,description,,relationship,None
,hard_constraints,[],used_together,False
,keyword,countertop sink,relevancy,N
---,,,,
B0CJ4WZXQF,attribute_table,"[{'attribute_type': 'Use Case', 'attribute_value': 'Kitchen Countertop', 'rank':",confidence,0.92
https://www.amazon.com/dp/B0CJ4WZXQF,bullet_points,"304 Stainless Steel
Quality Control 100%
【AUTOMATIC DRAINAGE SYSTEM】Cisily adopt",reasoning,The keyword 'sink decor' refers to decorative items that enhance the aesthetic o
Cisily,description,,relationship,None
,hard_constraints,[],used_together,False
,keyword,sink decor,relevancy,N
---,,,,
B0CJ4WZXQF,attribute_table,"[{'attribute_type': 'Use Case', 'attribute_value': 'Kitchen Countertop', 'rank':",confidence,0.9
https://www.amazon.com/dp/B0CJ4WZXQF,bullet_points,"304 Stainless Steel
Quality Control 100%
【AUTOMATIC DRAINAGE SYSTEM】Cisily adopt",reasoning,"The keyword '304 stainless steel kitchen sink' refers to a type of sink, while t"
Cisily,description,,relationship,The kitchen sink caddy organizer is used alongside the kitchen sink to hold clea
,hard_constraints,[],used_together,True
,keyword,304 stainless steel kitchen sink,relevancy,C
---,,,,
B0CJ4WZXQF,attribute_table,"[{'attribute_type': 'Use Case', 'attribute_value': 'Kitchen Countertop', 'rank':",confidence,0.85
https://www.amazon.com/dp/B0CJ4WZXQF,bullet_points,"304 Stainless Steel
Quality Control 100%
【AUTOMATIC DRAINAGE SYSTEM】Cisily adopt",reasoning,"A black stainless steel sink is a common feature in kitchens, and the Cisily Kit"
Cisily,description,,relationship,The sink caddy organizer is used to store and organize items that are typically 
,hard_constraints,[],used_together,True
,keyword,black stainless steel sink,relevancy,C
---,,,,
B0CJ4WZXQF,attribute_table,"[{'attribute_type': 'Use Case', 'attribute_value': 'Kitchen Countertop', 'rank':",confidence,0.88
https://www.amazon.com/dp/B0CJ4WZXQF,bullet_points,"304 Stainless Steel
Quality Control 100%
【AUTOMATIC DRAINAGE SYSTEM】Cisily adopt",reasoning,A stainless steel kitchen sink and a kitchen sink caddy organizer are both used 
Cisily,description,,relationship,The kitchen sink caddy organizer is used to store and organize items like sponge
,hard_constraints,[],used_together,True
,keyword,stainless steel kitchen sink,relevancy,C
---,,,,
B0BQPGJ9LQ,attribute_table,"[{'attribute_type': 'Variant', 'attribute_value': 'In-Ear', 'rank': 1}, {'attrib",confidence,0.92
https://www.amazon.com/dp/B0BQPGJ9LQ,bullet_points,JBL Deep Bass Sound: Get the most from your mixes with high-quality audio from s,reasoning,A wireless microphone and the JBL Vibe Beam earbuds serve different primary func
JBL,description,"""Bring your sound everywhere. With bass you can feel, up to 32 total hours of ba",relationship,None
,hard_constraints,[],used_together,False
,keyword,wireless microphone,relevancy,N
---,,,,
B0BQPGJ9LQ,attribute_table,"[{'attribute_type': 'Variant', 'attribute_value': 'In-Ear', 'rank': 1}, {'attrib",confidence,0.92
https://www.amazon.com/dp/B0BQPGJ9LQ,bullet_points,JBL Deep Bass Sound: Get the most from your mixes with high-quality audio from s,reasoning,"A noise cancelling microphone and JBL Vibe Beam earbuds are both audio devices, "
JBL,description,"""Bring your sound everywhere. With bass you can feel, up to 32 total hours of ba",relationship,None
,hard_constraints,[],used_together,False
,keyword,noise cancelling microphone,relevancy,N
---,,,,
B0BQPGJ9LQ,attribute_table,"[{'attribute_type': 'Variant', 'attribute_value': 'In-Ear', 'rank': 1}, {'attrib",confidence,0.92
https://www.amazon.com/dp/B0BQPGJ9LQ,bullet_points,JBL Deep Bass Sound: Get the most from your mixes with high-quality audio from s,reasoning,"A bluetooth microphone and JBL Vibe Beam earbuds are both audio devices, but the"
JBL,description,"""Bring your sound everywhere. With bass you can feel, up to 32 total hours of ba",relationship,None
,hard_constraints,[],used_together,False
,keyword,bluetooth microphone,relevancy,N
---,,,,
B0BQPGJ9LQ,attribute_table,"[{'attribute_type': 'Variant', 'attribute_value': 'In-Ear', 'rank': 1}, {'attrib",confidence,0.85
https://www.amazon.com/dp/B0BQPGJ9LQ,bullet_points,JBL Deep Bass Sound: Get the most from your mixes with high-quality audio from s,reasoning,A wireless charging pad is used to charge devices like smartphones and earbuds t
JBL,description,"""Bring your sound everywhere. With bass you can feel, up to 32 total hours of ba",relationship,Wireless charging pad is used to charge the JBL Vibe Beam earbuds' charging case
,hard_constraints,[],used_together,True
,keyword,wireless charging pad,relevancy,C
---,,,,
B0BQPGJ9LQ,attribute_table,"[{'attribute_type': 'Variant', 'attribute_value': 'In-Ear', 'rank': 1}, {'attrib",confidence,0.9
https://www.amazon.com/dp/B0BQPGJ9LQ,bullet_points,JBL Deep Bass Sound: Get the most from your mixes with high-quality audio from s,reasoning,A charging cable (USB-C / Lightning) is used to charge devices such as smartphon
JBL,description,"""Bring your sound everywhere. With bass you can feel, up to 32 total hours of ba",relationship,"Charging cable is used to recharge the JBL Vibe Beam earbuds, ensuring they rema"
,hard_constraints,[],used_together,True
,keyword,charging cable (USB-C / Lightning),relevancy,C
---,,,,
B0BQPGJ9LQ,attribute_table,"[{'attribute_type': 'Variant', 'attribute_value': 'In-Ear', 'rank': 1}, {'attrib",confidence,0.92
https://www.amazon.com/dp/B0BQPGJ9LQ,bullet_points,JBL Deep Bass Sound: Get the most from your mixes with high-quality audio from s,reasoning,"A portable power bank and JBL Vibe Beam earbuds are both electronic devices, but"
JBL,description,"""Bring your sound everywhere. With bass you can feel, up to 32 total hours of ba",relationship,None
,hard_constraints,[],used_together,False
,keyword,portable power bank,relevancy,N
---,,,,
B0BQPGJ9LQ,attribute_table,"[{'attribute_type': 'Variant', 'attribute_value': 'In-Ear', 'rank': 1}, {'attrib",confidence,0.92
https://www.amazon.com/dp/B0BQPGJ9LQ,bullet_points,JBL Deep Bass Sound: Get the most from your mixes with high-quality audio from s,reasoning,A fast charger is typically used to charge devices like smartphones and earbuds.
JBL,description,"""Bring your sound everywhere. With bass you can feel, up to 32 total hours of ba",relationship,None
,hard_constraints,[],used_together,False
,keyword,fast charger,relevancy,N
---,,,,
B0BQPGJ9LQ,attribute_table,"[{'attribute_type': 'Variant', 'attribute_value': 'In-Ear', 'rank': 1}, {'attrib",confidence,0.92
https://www.amazon.com/dp/B0BQPGJ9LQ,bullet_points,JBL Deep Bass Sound: Get the most from your mixes with high-quality audio from s,reasoning,"The keyword 'arbud cleaning kit' refers to a product designed for cleaning, whil"
JBL,description,"""Bring your sound everywhere. With bass you can feel, up to 32 total hours of ba",relationship,None
,hard_constraints,[],used_together,False
,keyword,arbud cleaning kit,relevancy,N
---,,,,
B0BQPGJ9LQ,attribute_table,"[{'attribute_type': 'Variant', 'attribute_value': 'In-Ear', 'rank': 1}, {'attrib",confidence,0.92
https://www.amazon.com/dp/B0BQPGJ9LQ,bullet_points,JBL Deep Bass Sound: Get the most from your mixes with high-quality audio from s,reasoning,The keyword 'electronics' is a broad category that encompasses a wide range of p
JBL,description,"""Bring your sound everywhere. With bass you can feel, up to 32 total hours of ba",relationship,None
,hard_constraints,[],used_together,False
,keyword,electronics,relevancy,N
---,,,,
B0BQPGJ9LQ,attribute_table,"[{'attribute_type': 'Variant', 'attribute_value': 'In-Ear', 'rank': 1}, {'attrib",confidence,0.92
https://www.amazon.com/dp/B0BQPGJ9LQ,bullet_points,JBL Deep Bass Sound: Get the most from your mixes with high-quality audio from s,reasoning,The keyword 'wireless' does not specify a product that is commonly used together
JBL,description,"""Bring your sound everywhere. With bass you can feel, up to 32 total hours of ba",relationship,None
,hard_constraints,[],used_together,False
,keyword,wireless,relevancy,N
---,,,,
B0BQPGJ9LQ,attribute_table,"[{'attribute_type': 'Variant', 'attribute_value': 'In-Ear', 'rank': 1}, {'attrib",confidence,0.92
https://www.amazon.com/dp/B0BQPGJ9LQ,bullet_points,JBL Deep Bass Sound: Get the most from your mixes with high-quality audio from s,reasoning,The keyword 'amazon' does not describe a product that is used together with the 
JBL,description,"""Bring your sound everywhere. With bass you can feel, up to 32 total hours of ba",relationship,None
,hard_constraints,[],used_together,False
,keyword,amazon,relevancy,N
---,,,,
B0BQPGJ9LQ,attribute_table,"[{'attribute_type': 'Variant', 'attribute_value': 'In-Ear', 'rank': 1}, {'attrib",confidence,0.92
https://www.amazon.com/dp/B0BQPGJ9LQ,bullet_points,JBL Deep Bass Sound: Get the most from your mixes with high-quality audio from s,reasoning,The keyword 'amazon renewed store' does not describe a product that is commonly 
JBL,description,"""Bring your sound everywhere. With bass you can feel, up to 32 total hours of ba",relationship,None
,hard_constraints,[],used_together,False
,keyword,amazon renewed store,relevancy,N
---,,,,
B0BQPGJ9LQ,attribute_table,"[{'attribute_type': 'Variant', 'attribute_value': 'In-Ear', 'rank': 1}, {'attrib",confidence,0.92
https://www.amazon.com/dp/B0BQPGJ9LQ,bullet_points,JBL Deep Bass Sound: Get the most from your mixes with high-quality audio from s,reasoning,"The keyword 'jbl deals' refers to promotions or discounts on JBL products, which"
JBL,description,"""Bring your sound everywhere. With bass you can feel, up to 32 total hours of ba",relationship,None
,hard_constraints,[],used_together,False
,keyword,jbl deals,relevancy,N
---,,,,
B0DSHWLXG6,attribute_table,"[{'attribute_type': 'Variant', 'attribute_value': 'Vacuum-lock suction mechanism",confidence,0.9
https://www.amazon.com/dp/B0DSHWLXG6,bullet_points,"Vacuum Lock + Gel Base — For Smooth, Flat Surfaces: Features a rotary vacuum-loc",reasoning,The keyword 'Carplay Screen for Car' refers to a screen that integrates with a c
Jikasho,description,,relationship,The phone holder is used to securely mount the smartphone that connects to the C
,hard_constraints,[],used_together,True
,keyword,Carplay Screen for Car,relevancy,C
---,,,,
B0DSHWLXG6,attribute_table,"[{'attribute_type': 'Variant', 'attribute_value': 'Vacuum-lock suction mechanism",confidence,0.92
https://www.amazon.com/dp/B0DSHWLXG6,bullet_points,"Vacuum Lock + Gel Base — For Smooth, Flat Surfaces: Features a rotary vacuum-loc",reasoning,The Wireless Portable Carplay Screen and the Vacuum Magnetic Suction Phone Holde
Jikasho,description,,relationship,None
,hard_constraints,[],used_together,False
,keyword,Wireless Portable Carplay Screen,relevancy,N
---,,,,
B0DSHWLXG6,attribute_table,"[{'attribute_type': 'Variant', 'attribute_value': 'Vacuum-lock suction mechanism",confidence,0.92
https://www.amazon.com/dp/B0DSHWLXG6,bullet_points,"Vacuum Lock + Gel Base — For Smooth, Flat Surfaces: Features a rotary vacuum-loc",reasoning,A Car GPS Navigator and a Vacuum Magnetic Suction Phone Holder are both used in 
Jikasho,description,,relationship,None
,hard_constraints,[],used_together,False
,keyword,Car GPS Navigator,relevancy,N
---,,,,
B0DSHWLXG6,attribute_table,"[{'attribute_type': 'Variant', 'attribute_value': 'Vacuum-lock suction mechanism",confidence,0.92
https://www.amazon.com/dp/B0DSHWLXG6,bullet_points,"Vacuum Lock + Gel Base — For Smooth, Flat Surfaces: Features a rotary vacuum-loc",reasoning,"A GPS navigator and a phone holder are both used in a car, but they serve differ"
Jikasho,description,,relationship,None
,hard_constraints,[],used_together,False
,keyword,GPS Navigator for Car Truck RV,relevancy,N
---,,,,
B0DSHWLXG6,attribute_table,"[{'attribute_type': 'Variant', 'attribute_value': 'Vacuum-lock suction mechanism",confidence,0.92
https://www.amazon.com/dp/B0DSHWLXG6,bullet_points,"Vacuum Lock + Gel Base — For Smooth, Flat Surfaces: Features a rotary vacuum-loc",reasoning,Magnetic phone cases and the vacuum magnetic suction phone holder are both relat
Jikasho,description,,relationship,None
,hard_constraints,[],used_together,False
,keyword,Magnetic Phone Cases,relevancy,N
---,,,,
B0DSHWLXG6,attribute_table,"[{'attribute_type': 'Variant', 'attribute_value': 'Vacuum-lock suction mechanism",confidence,0.9
https://www.amazon.com/dp/B0DSHWLXG6,bullet_points,"Vacuum Lock + Gel Base — For Smooth, Flat Surfaces: Features a rotary vacuum-loc",reasoning,Magnetic ring adapters are used to enhance the compatibility of smartphones with
Jikasho,description,,relationship,Magnetic ring adapters enhance the compatibility of smartphones with the magneti
,hard_constraints,[],used_together,True
,keyword,Magnetic Ring Adapters,relevancy,C
---,,,,
B0DSHWLXG6,attribute_table,"[{'attribute_type': 'Variant', 'attribute_value': 'Vacuum-lock suction mechanism",confidence,0.9
https://www.amazon.com/dp/B0DSHWLXG6,bullet_points,"Vacuum Lock + Gel Base — For Smooth, Flat Surfaces: Features a rotary vacuum-loc",reasoning,"Replacement suction cups are designed to be used with suction cup mounts, like t"
Jikasho,description,,relationship,Replacement suction cups are used to restore the grip of the suction cup phone h
,hard_constraints,[],used_together,True
,keyword,Replacement Suction Cups,relevancy,C
---,,,,
B0DSHWLXG6,attribute_table,"[{'attribute_type': 'Variant', 'attribute_value': 'Vacuum-lock suction mechanism",confidence,0.92
https://www.amazon.com/dp/B0DSHWLXG6,bullet_points,"Vacuum Lock + Gel Base — For Smooth, Flat Surfaces: Features a rotary vacuum-loc",reasoning,An adhesive enhancer is typically used to improve the bonding strength of adhesi
Jikasho,description,,relationship,None
,hard_constraints,[],used_together,False
,keyword,Adhesive enhancer,relevancy,N
---,,,,
B0F42MT8JX,attribute_table,"[{'attribute_type': 'Use Case', 'attribute_value': 'Home/Kitchen', 'rank': 1}, {",confidence,0.92
https://www.amazon.com/dp/B0F42MT8JX,bullet_points,Fast Ice Making: This ice maker produces 8 pieces of bullet-shaped ice in just 6,reasoning,A dry ice maker and a countertop ice maker serve different purposes. The dry ice
Antarctic Star,description,,relationship,None
,hard_constraints,[],used_together,False
,keyword,dry ice maker,relevancy,N
---,,,,
B0F42MT8JX,attribute_table,"[{'attribute_type': 'Use Case', 'attribute_value': 'Home/Kitchen', 'rank': 1}, {",confidence,0.92
https://www.amazon.com/dp/B0F42MT8JX,bullet_points,Fast Ice Making: This ice maker produces 8 pieces of bullet-shaped ice in just 6,reasoning,A dry ice machine and a countertop ice maker serve different purposes. The dry i
Antarctic Star,description,,relationship,None
,hard_constraints,[],used_together,False
,keyword,dry ice machine,relevancy,N
---,,,,
B0F42MT8JX,attribute_table,"[{'attribute_type': 'Use Case', 'attribute_value': 'Home/Kitchen', 'rank': 1}, {",confidence,0.85
https://www.amazon.com/dp/B0F42MT8JX,bullet_points,Fast Ice Making: This ice maker produces 8 pieces of bullet-shaped ice in just 6,reasoning,"A ""hielera"" (ice cooler) is commonly used to store and transport ice, which is p"
Antarctic Star,description,,relationship,"The hielera is used to store and transport ice produced by the ice maker, making"
,hard_constraints,[],used_together,True
,keyword,hielera,relevancy,C
---,,,,
B0F42MT8JX,attribute_table,"[{'attribute_type': 'Use Case', 'attribute_value': 'Home/Kitchen', 'rank': 1}, {",confidence,0.85
https://www.amazon.com/dp/B0F42MT8JX,bullet_points,Fast Ice Making: This ice maker produces 8 pieces of bullet-shaped ice in just 6,reasoning,An ice cone machine is typically used to create ice cones or shaved ice desserts
Antarctic Star,description,,relationship,The ice maker produces ice cubes that are essential for the operation of the ice
,hard_constraints,[],used_together,True
,keyword,ice cone machine,relevancy,C
---,,,,
B0F42MT8JX,attribute_table,"[{'attribute_type': 'Use Case', 'attribute_value': 'Home/Kitchen', 'rank': 1}, {",confidence,0.92
https://www.amazon.com/dp/B0F42MT8JX,bullet_points,Fast Ice Making: This ice maker produces 8 pieces of bullet-shaped ice in just 6,reasoning,"A snow machine is typically used to create artificial snow for events, parties, "
Antarctic Star,description,,relationship,None
,hard_constraints,[],used_together,False
,keyword,snow machine,relevancy,N
---,,,,
B0F42MT8JX,attribute_table,"[{'attribute_type': 'Use Case', 'attribute_value': 'Home/Kitchen', 'rank': 1}, {",confidence,0.92
https://www.amazon.com/dp/B0F42MT8JX,bullet_points,Fast Ice Making: This ice maker produces 8 pieces of bullet-shaped ice in just 6,reasoning,"A snowball maker is a device specifically designed to create snowballs from ice,"
Antarctic Star,description,,relationship,None
,hard_constraints,[],used_together,False
,keyword,snowball maker,relevancy,N
---,,,,
B0F42MT8JX,attribute_table,"[{'attribute_type': 'Use Case', 'attribute_value': 'Home/Kitchen', 'rank': 1}, {",confidence,0.92
https://www.amazon.com/dp/B0F42MT8JX,bullet_points,Fast Ice Making: This ice maker produces 8 pieces of bullet-shaped ice in just 6,reasoning,"A snowball machine is used to create snowballs, typically for entertainment or r"
Antarctic Star,description,,relationship,None
,hard_constraints,[],used_together,False
,keyword,snowball machine,relevancy,N
---,,,,
B0F42MT8JX,attribute_table,"[{'attribute_type': 'Use Case', 'attribute_value': 'Home/Kitchen', 'rank': 1}, {",confidence,0.85
https://www.amazon.com/dp/B0F42MT8JX,bullet_points,Fast Ice Making: This ice maker produces 8 pieces of bullet-shaped ice in just 6,reasoning,"An electric ice crusher is commonly used to crush ice for various beverages, whi"
Antarctic Star,description,,relationship,Electric ice crusher is used to crush ice produced by the countertop ice maker f
,hard_constraints,[],used_together,True
,keyword,electric ice crusher,relevancy,C
---,,,,
B0F42MT8JX,attribute_table,"[{'attribute_type': 'Use Case', 'attribute_value': 'Home/Kitchen', 'rank': 1}, {",confidence,0.92
https://www.amazon.com/dp/B0F42MT8JX,bullet_points,Fast Ice Making: This ice maker produces 8 pieces of bullet-shaped ice in just 6,reasoning,"An ice shaver machine electric is used to create shaved ice, which is often used"
Antarctic Star,description,,relationship,None
,hard_constraints,[],used_together,False
,keyword,ice shaver machine electric,relevancy,N
---,,,,
B0F42MT8JX,attribute_table,"[{'attribute_type': 'Use Case', 'attribute_value': 'Home/Kitchen', 'rank': 1}, {",confidence,0.85
https://www.amazon.com/dp/B0F42MT8JX,bullet_points,Fast Ice Making: This ice maker produces 8 pieces of bullet-shaped ice in just 6,reasoning,"The keyword 'ice storage' refers to a product or method for storing ice, which i"
Antarctic Star,description,,relationship,"Ice storage is used to keep the ice produced by the ice maker, ensuring it remai"
,hard_constraints,[],used_together,True
,keyword,ice storage,relevancy,C
---,,,,
B0F42MT8JX,attribute_table,"[{'attribute_type': 'Use Case', 'attribute_value': 'Home/Kitchen', 'rank': 1}, {",confidence,0.92
https://www.amazon.com/dp/B0F42MT8JX,bullet_points,Fast Ice Making: This ice maker produces 8 pieces of bullet-shaped ice in just 6,reasoning,"The keyword 'mini ice cylinder' refers to a specific type of ice product, which "
Antarctic Star,description,,relationship,None
,hard_constraints,[],used_together,False
,keyword,mini ice cylinder,relevancy,N
---,,,,
B0F42MT8JX,attribute_table,"[{'attribute_type': 'Use Case', 'attribute_value': 'Home/Kitchen', 'rank': 1}, {",confidence,0.85
https://www.amazon.com/dp/B0F42MT8JX,bullet_points,Fast Ice Making: This ice maker produces 8 pieces of bullet-shaped ice in just 6,reasoning,"An ice cage is typically used to hold ice cubes, which are produced by the ice m"
Antarctic Star,description,,relationship,The ice cage is used to store and dispense the ice cubes produced by the ice mak
,hard_constraints,[],used_together,True
,keyword,ice cage,relevancy,C
---,,,,
B0F42MT8JX,attribute_table,"[{'attribute_type': 'Use Case', 'attribute_value': 'Home/Kitchen', 'rank': 1}, {",confidence,0.92
https://www.amazon.com/dp/B0F42MT8JX,bullet_points,Fast Ice Making: This ice maker produces 8 pieces of bullet-shaped ice in just 6,reasoning,"A therapy ice machine is typically used for therapeutic purposes, such as reduci"
Antarctic Star,description,,relationship,None
,hard_constraints,[],used_together,False
,keyword,therapy ice machine,relevancy,N
---,,,,
B0F42MT8JX,attribute_table,"[{'attribute_type': 'Use Case', 'attribute_value': 'Home/Kitchen', 'rank': 1}, {",confidence,0.92
https://www.amazon.com/dp/B0F42MT8JX,bullet_points,Fast Ice Making: This ice maker produces 8 pieces of bullet-shaped ice in just 6,reasoning,A sorbet maker and an ice maker are both kitchen appliances related to frozen de
Antarctic Star,description,,relationship,None
,hard_constraints,[],used_together,False
,keyword,sorbet maker,relevancy,N
---,,,,
B0F42MT8JX,attribute_table,"[{'attribute_type': 'Use Case', 'attribute_value': 'Home/Kitchen', 'rank': 1}, {",confidence,0.92
https://www.amazon.com/dp/B0F42MT8JX,bullet_points,Fast Ice Making: This ice maker produces 8 pieces of bullet-shaped ice in just 6,reasoning,"A refrigerator and an ice maker are both kitchen appliances, but they serve diff"
Antarctic Star,description,,relationship,None
,hard_constraints,[],used_together,False
,keyword,refrigerator,relevancy,N
---,,,,
B0F42MT8JX,attribute_table,"[{'attribute_type': 'Use Case', 'attribute_value': 'Home/Kitchen', 'rank': 1}, {",confidence,0.92
https://www.amazon.com/dp/B0F42MT8JX,bullet_points,Fast Ice Making: This ice maker produces 8 pieces of bullet-shaped ice in just 6,reasoning,A freezer and an ice maker are both appliances used in food and beverage prepara
Antarctic Star,description,,relationship,None
,hard_constraints,[],used_together,False
,keyword,freezer,relevancy,N
---,,,,
B0F42MT8JX,attribute_table,"[{'attribute_type': 'Use Case', 'attribute_value': 'Home/Kitchen', 'rank': 1}, {",confidence,0.92
https://www.amazon.com/dp/B0F42MT8JX,bullet_points,Fast Ice Making: This ice maker produces 8 pieces of bullet-shaped ice in just 6,reasoning,A mini fridge with freezer and an ice maker are both appliances used in food and
Antarctic Star,description,,relationship,None
,hard_constraints,[],used_together,False
,keyword,Mini Fridge with Freezer,relevancy,N
---,,,,
B0F42MT8JX,attribute_table,"[{'attribute_type': 'Use Case', 'attribute_value': 'Home/Kitchen', 'rank': 1}, {",confidence,0.85
https://www.amazon.com/dp/B0F42MT8JX,bullet_points,Fast Ice Making: This ice maker produces 8 pieces of bullet-shaped ice in just 6,reasoning,A vehicle refrigerador (vehicle refrigerator) is designed to keep food and drink
Antarctic Star,description,,relationship,"Vehicle refrigerador is used to store ice made by the ice maker, keeping drinks "
,hard_constraints,[],used_together,True
,keyword,vehicle refrigerador,relevancy,C
---,,,,
B0F42MT8JX,attribute_table,"[{'attribute_type': 'Use Case', 'attribute_value': 'Home/Kitchen', 'rank': 1}, {",confidence,0.92
https://www.amazon.com/dp/B0F42MT8JX,bullet_points,Fast Ice Making: This ice maker produces 8 pieces of bullet-shaped ice in just 6,reasoning,An RV refrigerator and a countertop ice maker serve different purposes in food a
Antarctic Star,description,,relationship,None
,hard_constraints,[],used_together,False
,keyword,rv refrigerator,relevancy,N
---,,,,
B0F42MT8JX,attribute_table,"[{'attribute_type': 'Use Case', 'attribute_value': 'Home/Kitchen', 'rank': 1}, {",confidence,0.92
https://www.amazon.com/dp/B0F42MT8JX,bullet_points,Fast Ice Making: This ice maker produces 8 pieces of bullet-shaped ice in just 6,reasoning,A garage fridge and an ice maker are both appliances used for food and beverage 
Antarctic Star,description,,relationship,None
,hard_constraints,[],used_together,False
,keyword,garage fridge,relevancy,N
---,,,,
B0F42MT8JX,attribute_table,"[{'attribute_type': 'Use Case', 'attribute_value': 'Home/Kitchen', 'rank': 1}, {",confidence,0.85
https://www.amazon.com/dp/B0F42MT8JX,bullet_points,Fast Ice Making: This ice maker produces 8 pieces of bullet-shaped ice in just 6,reasoning,"A Frigidaire refrigerator is used for storing food and beverages, while a counte"
Antarctic Star,description,,relationship,"The countertop ice maker produces ice that can be stored in the refrigerator, ma"
,hard_constraints,[],used_together,True
,keyword,frigidaire refrigerator,relevancy,C
---,,,,
B0F42MT8JX,attribute_table,"[{'attribute_type': 'Use Case', 'attribute_value': 'Home/Kitchen', 'rank': 1}, {",confidence,0.92
https://www.amazon.com/dp/B0F42MT8JX,bullet_points,Fast Ice Making: This ice maker produces 8 pieces of bullet-shaped ice in just 6,reasoning,"A retro refrigerator with freezer and an ice maker are both kitchen appliances, "
Antarctic Star,description,,relationship,None
,hard_constraints,[],used_together,False
,keyword,retro refrigerator with freezer,relevancy,N
---,,,,
B0F42MT8JX,attribute_table,"[{'attribute_type': 'Use Case', 'attribute_value': 'Home/Kitchen', 'rank': 1}, {",confidence,0.92
https://www.amazon.com/dp/B0F42MT8JX,bullet_points,Fast Ice Making: This ice maker produces 8 pieces of bullet-shaped ice in just 6,reasoning,"A Frigidaire freezer is used for long-term storage of frozen foods, while the co"
Antarctic Star,description,,relationship,None
,hard_constraints,[],used_together,False
,keyword,frigidaire freezer,relevancy,N
---,,,,
B0F42MT8JX,attribute_table,"[{'attribute_type': 'Use Case', 'attribute_value': 'Home/Kitchen', 'rank': 1}, {",confidence,0.92
https://www.amazon.com/dp/B0F42MT8JX,bullet_points,Fast Ice Making: This ice maker produces 8 pieces of bullet-shaped ice in just 6,reasoning,"A geladeira (refrigerator) is used to store food and beverages, while the counte"
Antarctic Star,description,,relationship,None
,hard_constraints,[],used_together,False
,keyword,geladeira,relevancy,N
---,,,,
B0F42MT8JX,attribute_table,"[{'attribute_type': 'Use Case', 'attribute_value': 'Home/Kitchen', 'rank': 1}, {",confidence,0.92
https://www.amazon.com/dp/B0F42MT8JX,bullet_points,Fast Ice Making: This ice maker produces 8 pieces of bullet-shaped ice in just 6,reasoning,A portable car fridge and a countertop ice maker serve different purposes and ar
Antarctic Star,description,,relationship,None
,hard_constraints,[],used_together,False
,keyword,Portable Car Fridge,relevancy,N
---,,,,
B0F42MT8JX,attribute_table,"[{'attribute_type': 'Use Case', 'attribute_value': 'Home/Kitchen', 'rank': 1}, {",confidence,0.85
https://www.amazon.com/dp/B0F42MT8JX,bullet_points,Fast Ice Making: This ice maker produces 8 pieces of bullet-shaped ice in just 6,reasoning,"An electric cooler is typically used to keep items cold, such as beverages or fo"
Antarctic Star,description,,relationship,"Electric cooler is used to store ice produced by the ice maker, keeping beverage"
,hard_constraints,[],used_together,True
,keyword,Electric Cooler,relevancy,C
---,,,,
B0F42MT8JX,attribute_table,"[{'attribute_type': 'Use Case', 'attribute_value': 'Home/Kitchen', 'rank': 1}, {",confidence,0.95
https://www.amazon.com/dp/B0F42MT8JX,bullet_points,Fast Ice Making: This ice maker produces 8 pieces of bullet-shaped ice in just 6,reasoning,"The keyword 'small ice scoop' is directly related to the ASIN, which is an ice m"
Antarctic Star,description,,relationship,The small ice scoop is used to serve the ice produced by the ice maker.
,hard_constraints,[],used_together,True
,keyword,small ice scoop,relevancy,C
---,,,,
B0F42MT8JX,attribute_table,"[{'attribute_type': 'Use Case', 'attribute_value': 'Home/Kitchen', 'rank': 1}, {",confidence,0.92
https://www.amazon.com/dp/B0F42MT8JX,bullet_points,Fast Ice Making: This ice maker produces 8 pieces of bullet-shaped ice in just 6,reasoning,An ice cube bottle is typically used to store and transport ice cubes made by th
Antarctic Star,description,,relationship,None
,hard_constraints,[],used_together,False
,keyword,ice cube bottle,relevancy,N
---,,,,
B0F42MT8JX,attribute_table,"[{'attribute_type': 'Use Case', 'attribute_value': 'Home/Kitchen', 'rank': 1}, {",confidence,0.9
https://www.amazon.com/dp/B0F42MT8JX,bullet_points,Fast Ice Making: This ice maker produces 8 pieces of bullet-shaped ice in just 6,reasoning,"An ice cube scoop is specifically designed to serve ice cubes, which are produce"
Antarctic Star,description,,relationship,"The ice cube scoop is used to serve the ice produced by the ice maker, enhancing"
,hard_constraints,[],used_together,True
,keyword,ice cube scoop,relevancy,C
---,,,,
B0F42MT8JX,attribute_table,"[{'attribute_type': 'Use Case', 'attribute_value': 'Home/Kitchen', 'rank': 1}, {",confidence,0.92
https://www.amazon.com/dp/B0F42MT8JX,bullet_points,Fast Ice Making: This ice maker produces 8 pieces of bullet-shaped ice in just 6,reasoning,"An ice bottle is typically used to keep beverages cold, while the countertop ice"
Antarctic Star,description,,relationship,None
,hard_constraints,[],used_together,False
,keyword,ice bottle,relevancy,N
---,,,,
B0F42MT8JX,attribute_table,"[{'attribute_type': 'Use Case', 'attribute_value': 'Home/Kitchen', 'rank': 1}, {",confidence,0.85
https://www.amazon.com/dp/B0F42MT8JX,bullet_points,Fast Ice Making: This ice maker produces 8 pieces of bullet-shaped ice in just 6,reasoning,"An ice cube water bottle is designed to hold water and keep it cold, while the c"
Antarctic Star,description,,relationship,The ice maker produces ice cubes that can be used in the water bottle to keep dr
,hard_constraints,[],used_together,True
,keyword,ice cube water bottle,relevancy,C
---,,,,
B0F42MT8JX,attribute_table,"[{'attribute_type': 'Use Case', 'attribute_value': 'Home/Kitchen', 'rank': 1}, {",confidence,0.92
https://www.amazon.com/dp/B0F42MT8JX,bullet_points,Fast Ice Making: This ice maker produces 8 pieces of bullet-shaped ice in just 6,reasoning,"The keyword 'led ice cube' refers to decorative ice cubes that light up, often u"
Antarctic Star,description,,relationship,None
,hard_constraints,[],used_together,False
,keyword,led ice cube,relevancy,N
---,,,,
B0F42MT8JX,attribute_table,"[{'attribute_type': 'Use Case', 'attribute_value': 'Home/Kitchen', 'rank': 1}, {",confidence,0.85
https://www.amazon.com/dp/B0F42MT8JX,bullet_points,Fast Ice Making: This ice maker produces 8 pieces of bullet-shaped ice in just 6,reasoning,"An ice dispenser is typically used to dispense ice cubes, which are produced by "
Antarctic Star,description,,relationship,Ice dispenser is used to dispense ice produced by the ice maker.
,hard_constraints,[],used_together,True
,keyword,ice dispenser,relevancy,C
---,,,,
B0F42MT8JX,attribute_table,"[{'attribute_type': 'Use Case', 'attribute_value': 'Home/Kitchen', 'rank': 1}, {",confidence,0.9
https://www.amazon.com/dp/B0F42MT8JX,bullet_points,Fast Ice Making: This ice maker produces 8 pieces of bullet-shaped ice in just 6,reasoning,"The keyword 'large ice scoop' is directly related to the use of the ice maker, a"
Antarctic Star,description,,relationship,The large ice scoop is used to serve or transfer ice produced by the ice maker.
,hard_constraints,[],used_together,True
,keyword,large ice scoop,relevancy,C
---,,,,
B0F42MT8JX,attribute_table,"[{'attribute_type': 'Use Case', 'attribute_value': 'Home/Kitchen', 'rank': 1}, {",confidence,0.9
https://www.amazon.com/dp/B0F42MT8JX,bullet_points,Fast Ice Making: This ice maker produces 8 pieces of bullet-shaped ice in just 6,reasoning,The keyword 'mini ice scoop' is directly related to the ASIN 'Countertop Ice Mak
Antarctic Star,description,,relationship,"The mini ice scoop is used to serve the ice produced by the ice maker, making it"
,hard_constraints,[],used_together,True
,keyword,mini ice scoop,relevancy,C
---,,,,
B0F42MT8JX,attribute_table,"[{'attribute_type': 'Use Case', 'attribute_value': 'Home/Kitchen', 'rank': 1}, {",confidence,0.92
https://www.amazon.com/dp/B0F42MT8JX,bullet_points,Fast Ice Making: This ice maker produces 8 pieces of bullet-shaped ice in just 6,reasoning,The keyword 'maquina para hacer hielo' (ice maker) refers to a device that produ
Antarctic Star,description,,relationship,None
,hard_constraints,[],used_together,False
,keyword,maquina para hacer hielo,relevancy,N
---,,,,
B000H3I2JG,attribute_table,"[{'attribute_type': 'Variant', 'attribute_value': '24-Hour Wear', 'rank': 1}, {'",confidence,0.92
https://www.amazon.com/dp/B000H3I2JG,bullet_points,COLORSTAY EYELINER PENCIL: Define your eyes with Revlon ColorStay Eyeliner Penci,reasoning,"A nail brush is typically used for cleaning nails, while the Revlon ColorStay Pe"
REVLON,description,"Product Description

America’s #1 Longwear Eyeliner.* Revlon ColorStay Eyeliner ",relationship,None
,hard_constraints,[],used_together,False
,keyword,nail brush,relevancy,N
---,,,,
B000H3I2JG,attribute_table,"[{'attribute_type': 'Variant', 'attribute_value': '24-Hour Wear', 'rank': 1}, {'",confidence,0.92
https://www.amazon.com/dp/B000H3I2JG,bullet_points,COLORSTAY EYELINER PENCIL: Define your eyes with Revlon ColorStay Eyeliner Penci,reasoning,"The keyword 'hair rollers for women' refers to a product used for styling hair, "
REVLON,description,"Product Description

America’s #1 Longwear Eyeliner.* Revlon ColorStay Eyeliner ",relationship,None
,hard_constraints,[],used_together,False
,keyword,hair rollers for women,relevancy,N
---,,,,
B000H3I2JG,attribute_table,"[{'attribute_type': 'Variant', 'attribute_value': '24-Hour Wear', 'rank': 1}, {'",confidence,0.92
https://www.amazon.com/dp/B000H3I2JG,bullet_points,COLORSTAY EYELINER PENCIL: Define your eyes with Revlon ColorStay Eyeliner Penci,reasoning,"Eyelash extensions and eyeliner are both used in eye makeup, but they serve diff"
REVLON,description,"Product Description

America’s #1 Longwear Eyeliner.* Revlon ColorStay Eyeliner ",relationship,None
,hard_constraints,[],used_together,False
,keyword,eyelash extension,relevancy,N
---,,,,
B000H3I2JG,attribute_table,"[{'attribute_type': 'Variant', 'attribute_value': '24-Hour Wear', 'rank': 1}, {'",confidence,0.85
https://www.amazon.com/dp/B000H3I2JG,bullet_points,COLORSTAY EYELINER PENCIL: Define your eyes with Revlon ColorStay Eyeliner Penci,reasoning,The shimmer eyeshadow palette and the Revlon ColorStay Pencil Eyeliner are both 
REVLON,description,"Product Description

America’s #1 Longwear Eyeliner.* Revlon ColorStay Eyeliner ",relationship,Both products are used in the same makeup application routine to enhance eye mak
,hard_constraints,[],used_together,True
,keyword,shimmer eyeshadow palette,relevancy,C
---,,,,
B000H3I2JG,attribute_table,"[{'attribute_type': 'Variant', 'attribute_value': '24-Hour Wear', 'rank': 1}, {'",confidence,0.92
https://www.amazon.com/dp/B000H3I2JG,bullet_points,COLORSTAY EYELINER PENCIL: Define your eyes with Revlon ColorStay Eyeliner Penci,reasoning,"The keyword 'lash tint' refers to a product used to color eyelashes, while the A"
REVLON,description,"Product Description

America’s #1 Longwear Eyeliner.* Revlon ColorStay Eyeliner ",relationship,None
,hard_constraints,[],used_together,False
,keyword,lash tint,relevancy,N
---,,,,
B000H3I2JG,attribute_table,"[{'attribute_type': 'Variant', 'attribute_value': '24-Hour Wear', 'rank': 1}, {'",confidence,0.92
https://www.amazon.com/dp/B000H3I2JG,bullet_points,COLORSTAY EYELINER PENCIL: Define your eyes with Revlon ColorStay Eyeliner Penci,reasoning,The keyword 'womens face razor' does not have a direct relationship with the ASI
REVLON,description,"Product Description

America’s #1 Longwear Eyeliner.* Revlon ColorStay Eyeliner ",relationship,None
,hard_constraints,[],used_together,False
,keyword,womens face razor,relevancy,N
---,,,,
B000H3I2JG,attribute_table,"[{'attribute_type': 'Variant', 'attribute_value': '24-Hour Wear', 'rank': 1}, {'",confidence,0.92
https://www.amazon.com/dp/B000H3I2JG,bullet_points,COLORSTAY EYELINER PENCIL: Define your eyes with Revlon ColorStay Eyeliner Penci,reasoning,The keyword 'hair curler' refers to a styling tool used to create curls or waves
REVLON,description,"Product Description

America’s #1 Longwear Eyeliner.* Revlon ColorStay Eyeliner ",relationship,None
,hard_constraints,[],used_together,False
,keyword,hair curler,relevancy,N
---,,,,
B000H3I2JG,attribute_table,"[{'attribute_type': 'Variant', 'attribute_value': '24-Hour Wear', 'rank': 1}, {'",confidence,0.92
https://www.amazon.com/dp/B000H3I2JG,bullet_points,COLORSTAY EYELINER PENCIL: Define your eyes with Revlon ColorStay Eyeliner Penci,reasoning,"Nail clippers and eyeliner are both beauty products, but they serve completely d"
REVLON,description,"Product Description

America’s #1 Longwear Eyeliner.* Revlon ColorStay Eyeliner ",relationship,None
,hard_constraints,[],used_together,False
,keyword,nail clippers,relevancy,N
---,,,,
B000H3I2JG,attribute_table,"[{'attribute_type': 'Variant', 'attribute_value': '24-Hour Wear', 'rank': 1}, {'",confidence,0.92
https://www.amazon.com/dp/B000H3I2JG,bullet_points,COLORSTAY EYELINER PENCIL: Define your eyes with Revlon ColorStay Eyeliner Penci,reasoning,"The keyword 'nyx powder' refers to a type of makeup product, specifically a powd"
REVLON,description,"Product Description

America’s #1 Longwear Eyeliner.* Revlon ColorStay Eyeliner ",relationship,None
,hard_constraints,[],used_together,False
,keyword,nyx powder,relevancy,N
---,,,,
B000H3I2JG,attribute_table,"[{'attribute_type': 'Variant', 'attribute_value': '24-Hour Wear', 'rank': 1}, {'",confidence,0.92
https://www.amazon.com/dp/B000H3I2JG,bullet_points,COLORSTAY EYELINER PENCIL: Define your eyes with Revlon ColorStay Eyeliner Penci,reasoning,The keyword 'roller brush' does not have a direct relationship with the Revlon C
REVLON,description,"Product Description

America’s #1 Longwear Eyeliner.* Revlon ColorStay Eyeliner ",relationship,None
,hard_constraints,[],used_together,False
,keyword,roller brush,relevancy,N
---,,,,
B000H3I2JG,attribute_table,"[{'attribute_type': 'Variant', 'attribute_value': '24-Hour Wear', 'rank': 1}, {'",confidence,0.92
https://www.amazon.com/dp/B000H3I2JG,bullet_points,COLORSTAY EYELINER PENCIL: Define your eyes with Revlon ColorStay Eyeliner Penci,reasoning,"An eyelash brush is typically used to apply or separate eyelashes, while the Rev"
REVLON,description,"Product Description

America’s #1 Longwear Eyeliner.* Revlon ColorStay Eyeliner ",relationship,None
,hard_constraints,[],used_together,False
,keyword,eye lash brush,relevancy,N
---,,,,
B000H3I2JG,attribute_table,"[{'attribute_type': 'Variant', 'attribute_value': '24-Hour Wear', 'rank': 1}, {'",confidence,0.92
https://www.amazon.com/dp/B000H3I2JG,bullet_points,COLORSTAY EYELINER PENCIL: Define your eyes with Revlon ColorStay Eyeliner Penci,reasoning,"Eyelash dye and eyeliner are both used in eye makeup, but they serve different p"
REVLON,description,"Product Description

America’s #1 Longwear Eyeliner.* Revlon ColorStay Eyeliner ",relationship,None
,hard_constraints,[],used_together,False
,keyword,eyelash dye,relevancy,N
---,,,,
B000H3I2JG,attribute_table,"[{'attribute_type': 'Variant', 'attribute_value': '24-Hour Wear', 'rank': 1}, {'",confidence,0.85
https://www.amazon.com/dp/B000H3I2JG,bullet_points,COLORSTAY EYELINER PENCIL: Define your eyes with Revlon ColorStay Eyeliner Penci,reasoning,"Glitter gel and eyeliner are both used in makeup application, often together to "
REVLON,description,"Product Description

America’s #1 Longwear Eyeliner.* Revlon ColorStay Eyeliner ",relationship,Glitter gel is applied alongside eyeliner to enhance eye makeup looks.
,hard_constraints,[],used_together,True
,keyword,glitter gel,relevancy,C
---,,,,
B000H3I2JG,attribute_table,"[{'attribute_type': 'Variant', 'attribute_value': '24-Hour Wear', 'rank': 1}, {'",confidence,0.92
https://www.amazon.com/dp/B000H3I2JG,bullet_points,COLORSTAY EYELINER PENCIL: Define your eyes with Revlon ColorStay Eyeliner Penci,reasoning,"The keyword 'volume powder' refers to a product used to add volume to hair, whil"
REVLON,description,"Product Description

America’s #1 Longwear Eyeliner.* Revlon ColorStay Eyeliner ",relationship,None
,hard_constraints,[],used_together,False
,keyword,volume powder,relevancy,N
---,,,,
B000H3I2JG,attribute_table,"[{'attribute_type': 'Variant', 'attribute_value': '24-Hour Wear', 'rank': 1}, {'",confidence,0.92
https://www.amazon.com/dp/B000H3I2JG,bullet_points,COLORSTAY EYELINER PENCIL: Define your eyes with Revlon ColorStay Eyeliner Penci,reasoning,The keyword 'gel nail polish kit' refers to a product used for nail art and mani
REVLON,description,"Product Description

America’s #1 Longwear Eyeliner.* Revlon ColorStay Eyeliner ",relationship,None
,hard_constraints,[],used_together,False
,keyword,gel nail polish kit,relevancy,N
---,,,,
B000H3I2JG,attribute_table,"[{'attribute_type': 'Variant', 'attribute_value': '24-Hour Wear', 'rank': 1}, {'",confidence,0.92
https://www.amazon.com/dp/B000H3I2JG,bullet_points,COLORSTAY EYELINER PENCIL: Define your eyes with Revlon ColorStay Eyeliner Penci,reasoning,The keyword 'magnetic nail polish' does not have a direct relationship with the 
REVLON,description,"Product Description

America’s #1 Longwear Eyeliner.* Revlon ColorStay Eyeliner ",relationship,None
,hard_constraints,[],used_together,False
,keyword,magnetic nail polish,relevancy,N
---,,,,
B000H3I2JG,attribute_table,"[{'attribute_type': 'Variant', 'attribute_value': '24-Hour Wear', 'rank': 1}, {'",confidence,0.92
https://www.amazon.com/dp/B000H3I2JG,bullet_points,COLORSTAY EYELINER PENCIL: Define your eyes with Revlon ColorStay Eyeliner Penci,reasoning,"A lash brush is specifically designed for applying and separating eyelashes, whi"
REVLON,description,"Product Description

America’s #1 Longwear Eyeliner.* Revlon ColorStay Eyeliner ",relationship,None
,hard_constraints,[],used_together,False
,keyword,lash brush,relevancy,N
---,,,,
B000H3I2JG,attribute_table,"[{'attribute_type': 'Variant', 'attribute_value': '24-Hour Wear', 'rank': 1}, {'",confidence,0.85
https://www.amazon.com/dp/B000H3I2JG,bullet_points,COLORSTAY EYELINER PENCIL: Define your eyes with Revlon ColorStay Eyeliner Penci,reasoning,"An eyelash kit typically includes products like false eyelashes, adhesive, and t"
REVLON,description,"Product Description

America’s #1 Longwear Eyeliner.* Revlon ColorStay Eyeliner ",relationship,Eyelash kit is used alongside eyeliner to create a complete eye makeup look.
,hard_constraints,[],used_together,True
,keyword,eyelash kit,relevancy,C
---,,,,
B000H3I2JG,attribute_table,"[{'attribute_type': 'Variant', 'attribute_value': '24-Hour Wear', 'rank': 1}, {'",confidence,0.92
https://www.amazon.com/dp/B000H3I2JG,bullet_points,COLORSTAY EYELINER PENCIL: Define your eyes with Revlon ColorStay Eyeliner Penci,reasoning,A face roller is typically used in skincare routines to enhance the application 
REVLON,description,"Product Description

America’s #1 Longwear Eyeliner.* Revlon ColorStay Eyeliner ",relationship,None
,hard_constraints,[],used_together,False
,keyword,face roller,relevancy,N
---,,,,
B000H3I2JG,attribute_table,"[{'attribute_type': 'Variant', 'attribute_value': '24-Hour Wear', 'rank': 1}, {'",confidence,0.92
https://www.amazon.com/dp/B000H3I2JG,bullet_points,COLORSTAY EYELINER PENCIL: Define your eyes with Revlon ColorStay Eyeliner Penci,reasoning,The keyword 'pinzas para cejas' (tweezers for eyebrows) is a tool commonly used 
REVLON,description,"Product Description

America’s #1 Longwear Eyeliner.* Revlon ColorStay Eyeliner ",relationship,None
,hard_constraints,[],used_together,False
,keyword,pinzas para cejas,relevancy,N
---,,,,
B000H3I2JG,attribute_table,"[{'attribute_type': 'Variant', 'attribute_value': '24-Hour Wear', 'rank': 1}, {'",confidence,0.85
https://www.amazon.com/dp/B000H3I2JG,bullet_points,COLORSTAY EYELINER PENCIL: Define your eyes with Revlon ColorStay Eyeliner Penci,reasoning,"Eyeshadow and eyeliner are both used in makeup application, often together to cr"
REVLON,description,"Product Description

America’s #1 Longwear Eyeliner.* Revlon ColorStay Eyeliner ",relationship,"Eyeliner is used to define the eyes after applying eyeshadow, enhancing the over"
,hard_constraints,[],used_together,True
,keyword,Eyeshadow,relevancy,C
---,,,,
B000H3I2JG,attribute_table,"[{'attribute_type': 'Variant', 'attribute_value': '24-Hour Wear', 'rank': 1}, {'",confidence,0.88
https://www.amazon.com/dp/B000H3I2JG,bullet_points,COLORSTAY EYELINER PENCIL: Define your eyes with Revlon ColorStay Eyeliner Penci,reasoning,"Lash line guides are tools used to help apply eyeliner more precisely, which dir"
REVLON,description,"Product Description

America’s #1 Longwear Eyeliner.* Revlon ColorStay Eyeliner ",relationship,"Lash line guides assist in the precise application of eyeliner, making them a us"
,hard_constraints,[],used_together,True
,keyword,Lash Line Guides,relevancy,C
---,,,,
B000H3I2JG,attribute_table,"[{'attribute_type': 'Variant', 'attribute_value': '24-Hour Wear', 'rank': 1}, {'",confidence,0.85
https://www.amazon.com/dp/B000H3I2JG,bullet_points,COLORSTAY EYELINER PENCIL: Define your eyes with Revlon ColorStay Eyeliner Penci,reasoning,"Tweezers are commonly used in makeup application, particularly for tasks like sh"
REVLON,description,"Product Description

America’s #1 Longwear Eyeliner.* Revlon ColorStay Eyeliner ",relationship,"Tweezers are used to shape eyebrows or apply false lashes, which are often part "
,hard_constraints,[],used_together,True
,keyword,Tweezers,relevancy,C
---,,,,
B000H3I2JG,attribute_table,"[{'attribute_type': 'Variant', 'attribute_value': '24-Hour Wear', 'rank': 1}, {'",confidence,0.92
https://www.amazon.com/dp/B000H3I2JG,bullet_points,COLORSTAY EYELINER PENCIL: Define your eyes with Revlon ColorStay Eyeliner Penci,reasoning,Eyeshadow primer is a product used to prepare the eyelids for eyeshadow applicat
REVLON,description,"Product Description

America’s #1 Longwear Eyeliner.* Revlon ColorStay Eyeliner ",relationship,None
,hard_constraints,[],used_together,False
,keyword,Eyeshadow Primer,relevancy,N
---,,,,
B000H3I2JG,attribute_table,"[{'attribute_type': 'Variant', 'attribute_value': '24-Hour Wear', 'rank': 1}, {'",confidence,0.85
https://www.amazon.com/dp/B000H3I2JG,bullet_points,COLORSTAY EYELINER PENCIL: Define your eyes with Revlon ColorStay Eyeliner Penci,reasoning,Eye concealer and eyeliner are both makeup products used in the same makeup rout
REVLON,description,"Product Description

America’s #1 Longwear Eyeliner.* Revlon ColorStay Eyeliner ",relationship,"Eye concealer is used to cover blemishes or dark circles around the eyes, while "
,hard_constraints,[],used_together,True
,keyword,Eye Concealer,relevancy,C
---,,,,
B000H3I2JG,attribute_table,"[{'attribute_type': 'Variant', 'attribute_value': '24-Hour Wear', 'rank': 1}, {'",confidence,0.92
https://www.amazon.com/dp/B000H3I2JG,bullet_points,COLORSTAY EYELINER PENCIL: Define your eyes with Revlon ColorStay Eyeliner Penci,reasoning,"Setting powder is used to set makeup on the face, while the Revlon ColorStay Pen"
REVLON,description,"Product Description

America’s #1 Longwear Eyeliner.* Revlon ColorStay Eyeliner ",relationship,None
,hard_constraints,[],used_together,False
,keyword,Setting Powder,relevancy,N
---,,,,
B000H3I2JG,attribute_table,"[{'attribute_type': 'Variant', 'attribute_value': '24-Hour Wear', 'rank': 1}, {'",confidence,0.9
https://www.amazon.com/dp/B000H3I2JG,bullet_points,COLORSTAY EYELINER PENCIL: Define your eyes with Revlon ColorStay Eyeliner Penci,reasoning,Setting spray is commonly used in conjunction with eyeliner as part of a makeup 
REVLON,description,"Product Description

America’s #1 Longwear Eyeliner.* Revlon ColorStay Eyeliner ",relationship,Setting spray is applied after eyeliner to help maintain the makeup's longevity.
,hard_constraints,[],used_together,True
,keyword,Setting Spray,relevancy,C
---,,,,
B000H3I2JG,attribute_table,"[{'attribute_type': 'Variant', 'attribute_value': '24-Hour Wear', 'rank': 1}, {'",confidence,0.85
https://www.amazon.com/dp/B000H3I2JG,bullet_points,COLORSTAY EYELINER PENCIL: Define your eyes with Revlon ColorStay Eyeliner Penci,reasoning,Clear mascara is often used in conjunction with eyeliner to enhance eye makeup l
REVLON,description,"Product Description

America’s #1 Longwear Eyeliner.* Revlon ColorStay Eyeliner ",relationship,Clear mascara is applied after eyeliner to enhance the overall eye makeup look.
,hard_constraints,[],used_together,True
,keyword,Clear Mascara,relevancy,C
---,,,,
B000H3I2JG,attribute_table,"[{'attribute_type': 'Variant', 'attribute_value': '24-Hour Wear', 'rank': 1}, {'",confidence,0.92
https://www.amazon.com/dp/B000H3I2JG,bullet_points,COLORSTAY EYELINER PENCIL: Define your eyes with Revlon ColorStay Eyeliner Penci,reasoning,"Translucent setting powder is used to set makeup, while the Revlon ColorStay Pen"
REVLON,description,"Product Description

America’s #1 Longwear Eyeliner.* Revlon ColorStay Eyeliner ",relationship,None
,hard_constraints,[],used_together,False
,keyword,Translucent Setting Powder,relevancy,N
---,,,,
B000H3I2JG,attribute_table,"[{'attribute_type': 'Variant', 'attribute_value': '24-Hour Wear', 'rank': 1}, {'",confidence,0.85
https://www.amazon.com/dp/B000H3I2JG,bullet_points,COLORSTAY EYELINER PENCIL: Define your eyes with Revlon ColorStay Eyeliner Penci,reasoning,"Neutral eyeshadows and eyeliner are both used in the makeup application process,"
REVLON,description,"Product Description

America’s #1 Longwear Eyeliner.* Revlon ColorStay Eyeliner ",relationship,Neutral eyeshadows are applied on the eyelids while eyeliner is used to define t
,hard_constraints,[],used_together,True
,keyword,Neutral Eyeshadows,relevancy,C
---,,,,
B000H3I2JG,attribute_table,"[{'attribute_type': 'Variant', 'attribute_value': '24-Hour Wear', 'rank': 1}, {'",confidence,0.87
https://www.amazon.com/dp/B000H3I2JG,bullet_points,COLORSTAY EYELINER PENCIL: Define your eyes with Revlon ColorStay Eyeliner Penci,reasoning,"False eyelashes and eyeliner are both used in the makeup application process, pa"
REVLON,description,"Product Description

America’s #1 Longwear Eyeliner.* Revlon ColorStay Eyeliner ",relationship,False eyelashes are applied alongside eyeliner to enhance eye makeup looks.
,hard_constraints,[],used_together,True
,keyword,False Eyelashes,relevancy,C
---,,,,
B000H3I2JG,attribute_table,"[{'attribute_type': 'Variant', 'attribute_value': '24-Hour Wear', 'rank': 1}, {'",confidence,0.92
https://www.amazon.com/dp/B000H3I2JG,bullet_points,COLORSTAY EYELINER PENCIL: Define your eyes with Revlon ColorStay Eyeliner Penci,reasoning,Micellar water is a skincare product used for cleansing the face and removing ma
REVLON,description,"Product Description

America’s #1 Longwear Eyeliner.* Revlon ColorStay Eyeliner ",relationship,None
,hard_constraints,[],used_together,False
,keyword,Micellar Water,relevancy,N
---,,,,
B000H3I2JG,attribute_table,"[{'attribute_type': 'Variant', 'attribute_value': '24-Hour Wear', 'rank': 1}, {'",confidence,0.92
https://www.amazon.com/dp/B000H3I2JG,bullet_points,COLORSTAY EYELINER PENCIL: Define your eyes with Revlon ColorStay Eyeliner Penci,reasoning,The keyword 'Replacement Tips' refers to tips that are used to replace worn or d
REVLON,description,"Product Description

America’s #1 Longwear Eyeliner.* Revlon ColorStay Eyeliner ",relationship,None
,hard_constraints,[],used_together,False
,keyword,Replacement Tips,relevancy,N
---,,,,
B08J8GZXKZ,attribute_table,"[
  { ""attribute_type"": ""Use Case"", ""attribute_value"": ""Handling Hot Cookware"", ",confidence,0.92
https://www.amazon.com/dp/B08J8GZXKZ,bullet_points,HEAT RESISTANT – KitchenAid Silicone Oven Mitts are heat resistant up to 500°F t,reasoning,"The keyword 'thrive eyeliner' refers to a cosmetic product used for eye makeup, "
KitchenAid,description,Perform your kitchen tasks safely with the Kitchen Aid Ribbed Soft Silicone 2-Pi,relationship,None
,hard_constraints,['Heat Resistant up to 500°F'],used_together,False
,keyword,thrive eyeliner,relevancy,N
---,,,,
B08J8GZXKZ,attribute_table,"[
  { ""attribute_type"": ""Use Case"", ""attribute_value"": ""Handling Hot Cookware"", ",confidence,0.92
https://www.amazon.com/dp/B08J8GZXKZ,bullet_points,HEAT RESISTANT – KitchenAid Silicone Oven Mitts are heat resistant up to 500°F t,reasoning,Nitrile exam gloves are used for protection during medical examinations and proc
KitchenAid,description,Perform your kitchen tasks safely with the Kitchen Aid Ribbed Soft Silicone 2-Pi,relationship,None
,hard_constraints,['Heat Resistant up to 500°F'],used_together,False
,keyword,Nitrile Exam Gloves,relevancy,N
---,,,,
B08J8GZXKZ,attribute_table,"[
  { ""attribute_type"": ""Use Case"", ""attribute_value"": ""Handling Hot Cookware"", ",confidence,0.92
https://www.amazon.com/dp/B08J8GZXKZ,bullet_points,HEAT RESISTANT – KitchenAid Silicone Oven Mitts are heat resistant up to 500°F t,reasoning,Winter gloves and oven mitts are both used in the kitchen but serve different pu
KitchenAid,description,Perform your kitchen tasks safely with the Kitchen Aid Ribbed Soft Silicone 2-Pi,relationship,None
,hard_constraints,['Heat Resistant up to 500°F'],used_together,False
,keyword,Winter Gloves for Men,relevancy,N
---,,,,
B08J8GZXKZ,attribute_table,"[
  { ""attribute_type"": ""Use Case"", ""attribute_value"": ""Handling Hot Cookware"", ",confidence,0.92
https://www.amazon.com/dp/B08J8GZXKZ,bullet_points,HEAT RESISTANT – KitchenAid Silicone Oven Mitts are heat resistant up to 500°F t,reasoning,"Winter gloves and oven mitts are both used in the kitchen, but they serve differ"
KitchenAid,description,Perform your kitchen tasks safely with the Kitchen Aid Ribbed Soft Silicone 2-Pi,relationship,None
,hard_constraints,['Heat Resistant up to 500°F'],used_together,False
,keyword,Winter Gloves for women,relevancy,N
---,,,,
B08J8GZXKZ,attribute_table,"[
  { ""attribute_type"": ""Use Case"", ""attribute_value"": ""Handling Hot Cookware"", ",confidence,0.92
https://www.amazon.com/dp/B08J8GZXKZ,bullet_points,HEAT RESISTANT – KitchenAid Silicone Oven Mitts are heat resistant up to 500°F t,reasoning,Medical gloves and oven mitts serve different purposes in the kitchen. Medical g
KitchenAid,description,Perform your kitchen tasks safely with the Kitchen Aid Ribbed Soft Silicone 2-Pi,relationship,None
,hard_constraints,['Heat Resistant up to 500°F'],used_together,False
,keyword,Medical glove,relevancy,N
---,,,,
